{"ctxid": 0, "pos": [3043.191, -4036.847, 98.762], "rotationMatrix": [0.691492, -0.722384, 0.0, 0.722384, 0.691492, 0.0, 0.0, 0.0, 1.0], "scale": 1.001, "type": "farmhouse_a"}
{"ctxid": 0, "pos": [1890.322, -2978.584, 245.712], "rotationMatrix": [0.347488, 0.937684, 0.0, -0.937684, 0.347488, 0.0, 0.0, 0.0, 1.0], "scale": 1.012, "type": "farmhouse_a"}
{"ctxid": 0, "pos": [2106.044, -2695.436, 252.264], "rotationMatrix": [0.798991, -0.601343, 0.0, 0.601343, 0.798991, 0.0, 0.0, 0.0, 1.0], "scale": 1.012, "type": "farmhouse_a"}
{"ctxid": 0, "pos": [2095.306, -2277.627, 264.159], "rotationMatrix": [0.005279, -0.999986, 0.0, 0.999986, 0.005279, 0.0, 0.0, 0.0, 1.0], "scale": 0.915, "type": "farmhouse_a"}
{"ctxid": 0, "pos": [784.223, -1441.236, 111.664], "rotationMatrix": [0.283014, -0.959116, 0.0, 0.959116, 0.283014, 0.0, 0.0, 0.0, 1.0], "scale": 0.946, "type": "farmhouse_a"}
{"ctxid": 0, "pos": [694.97, -1557.663, 92.908], "rotationMatrix": [-0.008858, 0.999961, 0.0, -0.999961, -0.008858, 0.0, 0.0, 0.0, 1.0], "scale": 1.013, "type": "farmhouse_a"}
{"ctxid": 0, "pos": [383.618, -1194.074, 29.938], "rotationMatrix": [0.374957, -0.927042, 0.0, 0.927042, 0.374957, 0.0, 0.0, 0.0, 1.0], "scale": 0.799, "type": "farmhouse_a"}
{"ctxid": 0, "pos": [393.613, -954.848, 13.605], "rotationMatrix": [0.60993, 0.792455, 0.0, -0.792455, 0.60993, 0.0, 0.0, 0.0, 1.0], "scale": 0.831, "type": "farmhouse_a"}
{"ctxid": 0, "pos": [-3285.97, 4238.634, 569.822], "rotationMatrix": [0.754317, 0.656511, 0.0, -0.656511, 0.754317, 0.0, 0.0, 0.0, 1.0], "scale": 0.966, "type": "farmhouse_a"}
{"ctxid": 0, "pos": [-3201.092, 852.819, 366.915], "rotationMatrix": [-0.222955, -0.974829, 0.0, 0.974829, -0.222955, 0.0, 0.0, 0.0, 1.0], "scale": 1.0, "type": "farmhouse_a"}
{"ctxid": 0, "pos": [-3381.298, 788.193, 366.915], "rotationMatrix": [-0.631924, -0.77503, 0.0, 0.77503, -0.631924, 0.0, 0.0, 0.0, 1.0], "scale": 1.0, "type": "farmhouse_a"}
{"ctxid": 0, "pos": [-3358.238, 804.833, 366.915], "rotationMatrix": [-0.420129, -0.907464, 0.0, 0.907464, -0.420129, 0.0, 0.0, 0.0, 1.0], "scale": 1.0, "type": "farmhouse_a"}
{"ctxid": 0, "pos": [-3111.023, 603.914, 316.872], "rotationMatrix": [0.818882, -0.573962, 0.0, 0.573962, 0.818882, 0.0, 0.0, 0.0, 1.0], "scale": 1.0, "type": "farmhouse_a"}
{"ctxid": 0, "pos": [-3359.19, 619.286, 316.872], "rotationMatrix": [0.637733, -0.770257, 0.0, 0.770257, 0.637733, 0.0, 0.0, 0.0, 1.0], "scale": 1.0, "type": "farmhouse_a"}
{"ctxid": 0, "pos": [-3471.829, 560.787, 316.872], "rotationMatrix": [0.311558, -0.950227, 0.0, 0.950227, 0.311558, 0.0, 0.0, 0.0, 1.0], "scale": 1.0, "type": "farmhouse_a"}
{"ctxid": 0, "pos": [-3421.843, 409.521, 316.872], "rotationMatrix": [0.757504, -0.65283, 0.0, 0.65283, 0.757504, 0.0, 0.0, 0.0, 1.0], "scale": 1.0, "type": "farmhouse_a"}
{"ctxid": 0, "pos": [3658.199, 3639.008, 76.729], "rotationMatrix": [0.699597, -0.714537, 0.0, 0.714537, 0.699597, 0.0, 0.0, 0.0, 1.0], "scale": 1.0, "type": "farmhouse_a"}
{"ctxid": 0, "pos": [2368.273, -3609.537, 192.781], "rotationMatrix": [0.999638, -0.026918, 0.0, 0.026918, 0.999638, 0.0, 0.0, 0.0, 1.0], "scale": 1.0, "type": "farmhouse_a"}
{"ctxid": 0, "pos": [2422.894, -3560.172, 184.518], "rotationMatrix": [0.632495, -0.774564, 0.0, 0.774564, 0.632495, 0.0, 0.0, 0.0, 1.0], "scale": 1.0, "type": "farmhouse_a"}
{"ctxid": 0, "pos": [44.044, -726.658, 28.529], "rotationMatrix": [-0.136708, -0.990611, 0.0, 0.990611, -0.136708, 0.0, 0.0, 0.0, 1.0], "scale": 1.0, "type": "farmhouse_a"}
{"ctxid": 0, "pos": [3258.01, -3064.507, 136.142], "rotationMatrix": [-0.981987, -0.188951, 0.0, 0.188951, -0.981987, 0.0, 0.0, 0.0, 1.0], "scale": 1.0, "type": "farmhouse_a"}
{"ctxid": 0, "pos": [3395.664, -1575.658, 262.275], "rotationMatrix": [0.430131, -0.902767, 0.0, 0.902767, 0.430131, 0.0, 0.0, 0.0, 1.0], "scale": 1.0, "type": "farmhouse_a"}
{"ctxid": 0, "pos": [-310.472, 3008.468, 364.796], "rotationMatrix": [0.986311, -0.164895, 0.0, 0.164895, 0.986311, 0.0, 0.0, 0.0, 1.0], "scale": 1.0, "type": "farmhouse_a"}
{"ctxid": 0, "pos": [-661.028, 3366.287, 364.604], "rotationMatrix": [0.967283, -0.253698, 0.0, 0.253698, 0.967283, 0.0, 0.0, 0.0, 1.0], "scale": 1.0, "type": "farmhouse_a"}
{"ctxid": 0, "pos": [-696.873, 3355.123, 364.604], "rotationMatrix": [0.0573, -0.998357, 0.0, 0.998357, 0.0573, 0.0, 0.0, 0.0, 1.0], "scale": 1.0, "type": "farmhouse_a"}
{"ctxid": 0, "pos": [-577.237, 3338.084, 363.99], "rotationMatrix": [-0.891274, -0.453466, 0.0, 0.453466, -0.891274, 0.0, 0.0, 0.0, 1.0], "scale": 1.0, "type": "farmhouse_a"}
{"ctxid": 0, "pos": [-602.136, 3296.329, 363.99], "rotationMatrix": [-0.089163, -0.996017, 0.0, 0.996017, -0.089163, 0.0, 0.0, 0.0, 1.0], "scale": 1.0, "type": "farmhouse_a"}
{"ctxid": 0, "pos": [-638.35, 3402.805, 364.604], "rotationMatrix": [0.952524, -0.304465, 0.0, 0.304465, 0.952524, 0.0, 0.0, 0.0, 1.0], "scale": 1.0, "type": "farmhouse_a"}
{"ctxid": 0, "pos": [-893.929, 3229.462, 364.604], "rotationMatrix": [0.117617, -0.993059, 0.0, 0.993059, 0.117617, 0.0, 0.0, 0.0, 1.0], "scale": 1.0, "type": "farmhouse_a"}
{"ctxid": 0, "pos": [-849.804, 3228.219, 364.604], "rotationMatrix": [0.978161, -0.207847, 0.0, 0.207847, 0.978161, 0.0, 0.0, 0.0, 1.0], "scale": 1.0, "type": "farmhouse_a"}
{"ctxid": 0, "pos": [-1170.49, 3682.896, 382.351], "rotationMatrix": [0.989177, -0.146729, 0.0, 0.146729, 0.989177, 0.0, 0.0, 0.0, 1.0], "scale": 1.0, "type": "farmhouse_a"}
{"ctxid": 0, "pos": [-1176.193, 3698.88, 382.351], "rotationMatrix": [-0.997129, -0.075724, 0.0, 0.075724, -0.997129, 0.0, 0.0, 0.0, 1.0], "scale": 1.0, "type": "farmhouse_a"}
{"ctxid": 0, "pos": [-1206.68, 3682.263, 382.351], "rotationMatrix": [-0.973168, -0.230097, 0.0, 0.230097, -0.973168, 0.0, 0.0, 0.0, 1.0], "scale": 1.0, "type": "farmhouse_a"}
{"ctxid": 0, "pos": [113.422, 3865.227, 363.99], "rotationMatrix": [0.93521, -0.354093, 0.0, 0.354093, 0.93521, 0.0, 0.0, 0.0, 1.0], "scale": 1.0, "type": "farmhouse_a"}
{"ctxid": 0, "pos": [-924.57, 3477.012, 365.67], "rotationMatrix": [-0.24148, -0.970406, 0.0, 0.970406, -0.24148, 0.0, 0.0, 0.0, 1.0], "scale": 1.0, "type": "farmhouse_a"}
{"ctxid": 0, "pos": [939.993, 279.963, 73.328], "rotationMatrix": [-0.999798, -0.020104, 0.0, 0.020104, -0.999798, 0.0, 0.0, 0.0, 1.0], "scale": 1.0, "type": "farmhouse_a"}
{"ctxid": 0, "pos": [-867.932, 3304.02, 364.954], "rotationMatrix": [0.620917, -0.783876, 0.0, 0.783876, 0.620917, 0.0, 0.0, 0.0, 1.0], "scale": 1.0, "type": "farmhouse_a"}
{"ctxid": 0, "pos": [-645.493, 865.229, 211.891], "rotationMatrix": [-0.891651, -0.452724, 0.0, 0.452724, -0.891651, 0.0, 0.0, 0.0, 1.0], "scale": 1.0, "type": "farmhouse_a"}
{"ctxid": 0, "pos": [-884.737, 3289.059, 364.954], "rotationMatrix": [-0.272747, -0.962086, 0.0, 0.962086, -0.272747, 0.0, 0.0, 0.0, 1.0], "scale": 1.0, "type": "farmhouse_a"}
{"ctxid": 0, "pos": [-718.114, 3279.51, 363.99], "rotationMatrix": [-0.985591, -0.169144, 0.0, 0.169144, -0.985591, 0.0, 0.0, 0.0, 1.0], "scale": 1.0, "type": "farmhouse_a"}
