{"ctxid": 0, "pos": [2735.405, -3673.937, 155.023], "rotationMatrix": [0.789307, 0.613999, 0.0, -0.613999, 0.789307, 0.0, 0.0, 0.0, 1.0], "scale": 1.014, "type": "farmhouse_g"}
{"ctxid": 0, "pos": [2446.051, -3339.297, 190.433], "rotationMatrix": [0.245667, -0.969354, 0.0, 0.969354, 0.245667, 0.0, 0.0, 0.0, 1.0], "scale": 1.113, "type": "farmhouse_g"}
{"ctxid": 0, "pos": [-1000.782, 1194.095, 264.142], "rotationMatrix": [-0.779524, 0.626373, 0.0, -0.626373, -0.779524, 0.0, 0.0, 0.0, 1.0], "scale": 1.063, "type": "farmhouse_g"}
{"ctxid": 0, "pos": [-1151.061, 1330.041, 280.157], "rotationMatrix": [0.461051, 0.887374, 0.0, -0.887374, 0.461051, 0.0, 0.0, 0.0, 1.0], "scale": 0.913, "type": "farmhouse_g"}
{"ctxid": 0, "pos": [-3113.607, 4006.555, 536.775], "rotationMatrix": [-0.757077, -0.653325, 0.0, 0.653325, -0.757077, 0.0, 0.0, 0.0, 1.0], "scale": 1.037, "type": "farmhouse_g"}
{"ctxid": 0, "pos": [-3097.117, 758.032, 316.872], "rotationMatrix": [0.910162, -0.414253, 0.0, 0.414253, 0.910162, 0.0, 0.0, 0.0, 1.0], "scale": 1.0, "type": "farmhouse_g"}
{"ctxid": 0, "pos": [-3207.045, 763.252, 319.36], "rotationMatrix": [0.567269, -0.823532, 0.0, 0.823532, 0.567269, 0.0, 0.0, 0.0, 1.0], "scale": 1.0, "type": "farmhouse_g"}
{"ctxid": 0, "pos": [-3144.837, 772.88, 319.36], "rotationMatrix": [-0.020798, -0.999784, 0.0, 0.999784, -0.020798, 0.0, 0.0, 0.0, 1.0], "scale": 1.0, "type": "farmhouse_g"}
{"ctxid": 0, "pos": [-3036.945, 699.676, 316.872], "rotationMatrix": [0.147979, -0.98899, 0.0, 0.98899, 0.147979, 0.0, 0.0, 0.0, 1.0], "scale": 1.0, "type": "farmhouse_g"}
{"ctxid": 0, "pos": [-3067.412, 776.575, 316.872], "rotationMatrix": [0.996631, -0.082011, 0.0, 0.082011, 0.996631, 0.0, 0.0, 0.0, 1.0], "scale": 1.0, "type": "farmhouse_g"}
{"ctxid": 0, "pos": [-3070.804, 1039.727, 366.915], "rotationMatrix": [-0.840647, -0.541584, 0.0, 0.541584, -0.840647, 0.0, 0.0, 0.0, 1.0], "scale": 1.0, "type": "farmhouse_g"}
{"ctxid": 0, "pos": [-3302.298, 516.215, 316.872], "rotationMatrix": [-0.481914, -0.876218, 0.0, 0.876218, -0.481914, 0.0, 0.0, 0.0, 1.0], "scale": 1.0, "type": "farmhouse_g"}
{"ctxid": 0, "pos": [-3408.412, 367.821, 316.872], "rotationMatrix": [0.988779, -0.149388, 0.0, 0.149388, 0.988779, 0.0, 0.0, 0.0, 1.0], "scale": 1.0, "type": "farmhouse_g"}
{"ctxid": 0, "pos": [-2492.241, 1118.774, 319.36], "rotationMatrix": [-0.975193, -0.221358, 0.0, 0.221358, -0.975193, 0.0, 0.0, 0.0, 1.0], "scale": 1.0, "type": "farmhouse_g"}
{"ctxid": 0, "pos": [-3301.67, 712.881, 316.872], "rotationMatrix": [-0.81764, -0.57573, 0.0, 0.57573, -0.81764, 0.0, 0.0, 0.0, 1.0], "scale": 1.0, "type": "farmhouse_g"}
{"ctxid": 0, "pos": [-3218.899, 707.401, 316.872], "rotationMatrix": [0.376968, -0.926226, 0.0, 0.926226, 0.376968, 0.0, 0.0, 0.0, 1.0], "scale": 1.0, "type": "farmhouse_g"}
{"ctxid": 0, "pos": [-2904.727, 1174.618, 366.915], "rotationMatrix": [-0.891267, -0.453478, 0.0, 0.453478, -0.891267, 0.0, 0.0, 0.0, 1.0], "scale": 1.0, "type": "farmhouse_g"}
{"ctxid": 0, "pos": [615.831, -269.129, 25.658], "rotationMatrix": [-0.676097, -0.736813, 0.0, 0.736813, -0.676097, 0.0, 0.0, 0.0, 1.0], "scale": 1.0, "type": "farmhouse_g"}
{"ctxid": 0, "pos": [-1525.907, -2021.175, -1.074], "rotationMatrix": [0.877901, -0.478842, 0.0, 0.478842, 0.877901, 0.0, 0.0, 0.0, 1.0], "scale": 1.0, "type": "farmhouse_g"}
{"ctxid": 0, "pos": [-921.524, -2346.011, 58.994], "rotationMatrix": [-0.92286, -0.385135, 0.0, 0.385135, -0.92286, 0.0, 0.0, 0.0, 1.0], "scale": 1.0, "type": "farmhouse_g"}
{"ctxid": 0, "pos": [-865.163, 3320.228, 364.954], "rotationMatrix": [-0.714523, -0.699612, 0.0, 0.699612, -0.714523, 0.0, 0.0, 0.0, 1.0], "scale": 1.0, "type": "farmhouse_g"}
{"ctxid": 0, "pos": [-582.402, 2922.044, 364.796], "rotationMatrix": [-0.279743, -0.960075, 0.0, 0.960075, -0.279743, 0.0, 0.0, 0.0, 1.0], "scale": 1.0, "type": "farmhouse_g"}
{"ctxid": 0, "pos": [-719.602, 3265.983, 363.99], "rotationMatrix": [0.130793, -0.99141, 0.0, 0.99141, 0.130793, 0.0, 0.0, 0.0, 1.0], "scale": 1.0, "type": "farmhouse_g"}
{"ctxid": 0, "pos": [-717.157, 3240.606, 363.99], "rotationMatrix": [0.526844, -0.849962, 0.0, 0.849962, 0.526844, 0.0, 0.0, 0.0, 1.0], "scale": 1.0, "type": "farmhouse_g"}
{"ctxid": 0, "pos": [-453.368, 3186.364, 364.425], "rotationMatrix": [0.861147, -0.508356, 0.0, 0.508356, 0.861147, 0.0, 0.0, 0.0, 1.0], "scale": 1.0, "type": "farmhouse_g"}
{"ctxid": 0, "pos": [-682.383, 3315.627, 363.99], "rotationMatrix": [0.98062, -0.195921, 0.0, 0.195921, 0.98062, 0.0, 0.0, 0.0, 1.0], "scale": 1.0, "type": "farmhouse_g"}
{"ctxid": 0, "pos": [-657.168, 3407.894, 364.604], "rotationMatrix": [-0.999998, -0.00209, 0.0, 0.00209, -0.999998, 0.0, 0.0, 0.0, 1.0], "scale": 1.0, "type": "farmhouse_g"}
{"ctxid": 0, "pos": [-631.651, 3385.181, 364.604], "rotationMatrix": [0.829078, -0.559133, 0.0, 0.559133, 0.829078, 0.0, 0.0, 0.0, 1.0], "scale": 1.0, "type": "farmhouse_g"}
{"ctxid": 0, "pos": [-889.822, 3241.26, 364.604], "rotationMatrix": [0.603272, -0.797535, 0.0, 0.797535, 0.603272, 0.0, 0.0, 0.0, 1.0], "scale": 1.0, "type": "farmhouse_g"}
{"ctxid": 0, "pos": [-1168.097, 3674.887, 382.351], "rotationMatrix": [-0.999806, -0.019674, 0.0, 0.019674, -0.999806, 0.0, 0.0, 0.0, 1.0], "scale": 1.0, "type": "farmhouse_g"}
{"ctxid": 0, "pos": [-1205.7, 3690.577, 384.277], "rotationMatrix": [-0.970492, -0.241132, 0.0, 0.241132, -0.970492, 0.0, 0.0, 0.0, 1.0], "scale": 1.0, "type": "farmhouse_g"}
{"ctxid": 0, "pos": [-711.278, 3167.116, 363.975], "rotationMatrix": [0.662596, -0.748977, 0.0, 0.748977, 0.662596, 0.0, 0.0, 0.0, 1.0], "scale": 1.0, "type": "farmhouse_g"}
{"ctxid": 0, "pos": [-1467.656, 3542.742, 384.277], "rotationMatrix": [0.811757, -0.583995, 0.0, 0.583995, 0.811757, 0.0, 0.0, 0.0, 1.0], "scale": 1.0, "type": "farmhouse_g"}
{"ctxid": 0, "pos": [-758.577, 3112.582, 363.975], "rotationMatrix": [-0.486777, -0.873526, 0.0, 0.873526, -0.486777, 0.0, 0.0, 0.0, 1.0], "scale": 1.0, "type": "farmhouse_g"}
{"ctxid": 0, "pos": [78.306, 3433.274, 364.425], "rotationMatrix": [0.567755, -0.823198, 0.0, 0.823198, 0.567755, 0.0, 0.0, 0.0, 1.0], "scale": 1.0, "type": "farmhouse_g"}
{"ctxid": 0, "pos": [-717.815, 3184.586, 363.99], "rotationMatrix": [0.656423, -0.754393, 0.0, 0.754393, 0.656423, 0.0, 0.0, 0.0, 1.0], "scale": 1.0, "type": "farmhouse_g"}
{"ctxid": 0, "pos": [-813.57, 3102.941, 363.99], "rotationMatrix": [-0.932245, -0.361827, 0.0, 0.361827, -0.932245, 0.0, 0.0, 0.0, 1.0], "scale": 1.0, "type": "farmhouse_g"}
{"ctxid": 0, "pos": [-824.722, 3475.002, 365.289], "rotationMatrix": [-0.603319, -0.7975, 0.0, 0.7975, -0.603319, 0.0, 0.0, 0.0, 1.0], "scale": 1.0, "type": "farmhouse_g"}
{"ctxid": 0, "pos": [450.739, -417.763, 11.327], "rotationMatrix": [0.846622, -0.532195, 0.0, 0.532195, 0.846622, 0.0, 0.0, 0.0, 1.0], "scale": 1.0, "type": "farmhouse_g"}
{"ctxid": 0, "pos": [539.07, -46.59, 54.327], "rotationMatrix": [0.984302, -0.176495, 0.0, 0.176495, 0.984302, 0.0, 0.0, 0.0, 1.0], "scale": 1.0, "type": "farmhouse_g"}
{"ctxid": 0, "pos": [-291.666, 1591.518, 228.686], "rotationMatrix": [-0.175693, -0.984445, 0.0, 0.984445, -0.175693, 0.0, 0.0, 0.0, 1.0], "scale": 1.0, "type": "farmhouse_g"}
{"ctxid": 0, "pos": [-280.933, 1590.617, 228.686], "rotationMatrix": [0.9912, -0.132371, 0.0, 0.132371, 0.9912, 0.0, 0.0, 0.0, 1.0], "scale": 1.0, "type": "farmhouse_g"}
{"ctxid": 0, "pos": [-895.681, 3292.716, 364.954], "rotationMatrix": [-0.857528, -0.514437, 0.0, 0.514437, -0.857528, 0.0, 0.0, 0.0, 1.0], "scale": 1.0, "type": "farmhouse_g"}
{"ctxid": 0, "pos": [-760.521, 3182.98, 363.99], "rotationMatrix": [0.000488, -1.0, 0.0, 1.0, 0.000488, 0.0, 0.0, 0.0, 1.0], "scale": 1.0, "type": "farmhouse_g"}
