{"ctxid": 0, "pos": [1947.201, -2202.98, 262.199], "rotationMatrix": [0.997863, 0.065341, 0.0, -0.065341, 0.997863, 0.0, 0.0, 0.0, 1.0], "scale": 0.914, "type": "farmhouse_e"}
{"ctxid": 0, "pos": [273.028, -601.102, 15.137], "rotationMatrix": [-0.684866, -0.728669, 0.0, 0.728669, -0.684866, 0.0, 0.0, 0.0, 1.0], "scale": 1.041, "type": "farmhouse_e"}
{"ctxid": 0, "pos": [-754.718, 1139.742, 231.726], "rotationMatrix": [0.013245, -0.999912, 0.0, 0.999912, 0.013245, 0.0, 0.0, 0.0, 1.0], "scale": 0.995, "type": "farmhouse_e"}
{"ctxid": 0, "pos": [-3324.857, 750.827, 366.915], "rotationMatrix": [0.994721, -0.102612, 0.0, 0.102612, 0.994721, 0.0, 0.0, 0.0, 1.0], "scale": 1.0, "type": "farmhouse_e"}
{"ctxid": 0, "pos": [-3107.354, 790.556, 319.36], "rotationMatrix": [-0.99995, -0.010024, 0.0, 0.010024, -0.99995, 0.0, 0.0, 0.0, 1.0], "scale": 1.0, "type": "farmhouse_e"}
{"ctxid": 0, "pos": [-3353.184, 467.988, 316.872], "rotationMatrix": [0.979267, -0.202575, 0.0, 0.202575, 0.979267, 0.0, 0.0, 0.0, 1.0], "scale": 1.0, "type": "farmhouse_e"}
{"ctxid": 0, "pos": [-3238.152, 736.828, 316.872], "rotationMatrix": [-0.460868, -0.887469, 0.0, 0.887469, -0.460868, 0.0, 0.0, 0.0, 1.0], "scale": 1.0, "type": "farmhouse_e"}
{"ctxid": 0, "pos": [-3227.329, 732.313, 316.872], "rotationMatrix": [0.934296, -0.356498, 0.0, 0.356498, 0.934296, 0.0, 0.0, 0.0, 1.0], "scale": 1.0, "type": "farmhouse_e"}
{"ctxid": 0, "pos": [-3229.354, 1791.28, 431.082], "rotationMatrix": [-0.94703, -0.321146, 0.0, 0.321146, -0.94703, 0.0, 0.0, 0.0, 1.0], "scale": 1.0, "type": "farmhouse_e"}
{"ctxid": 0, "pos": [-2920.028, 1061.651, 366.915], "rotationMatrix": [-0.78131, -0.624144, 0.0, 0.624144, -0.78131, 0.0, 0.0, 0.0, 1.0], "scale": 1.0, "type": "farmhouse_e"}
{"ctxid": 0, "pos": [3688.205, 3518.923, 76.729], "rotationMatrix": [0.54323, -0.839584, 0.0, 0.839584, 0.54323, 0.0, 0.0, 0.0, 1.0], "scale": 1.0, "type": "farmhouse_e"}
{"ctxid": 0, "pos": [2404.568, -3619.517, 190.105], "rotationMatrix": [-0.986306, -0.164927, 0.0, 0.164927, -0.986306, 0.0, 0.0, 0.0, 1.0], "scale": 1.0, "type": "farmhouse_e"}
{"ctxid": 0, "pos": [1184.122, -1999.885, 206.406], "rotationMatrix": [0.552324, -0.83363, 0.0, 0.83363, 0.552324, 0.0, 0.0, 0.0, 1.0], "scale": 1.0, "type": "farmhouse_e"}
{"ctxid": 0, "pos": [-1529.626, -2032.863, -1.074], "rotationMatrix": [-0.563728, -0.82596, 0.0, 0.82596, -0.563728, 0.0, 0.0, 0.0, 1.0], "scale": 1.0, "type": "farmhouse_e"}
{"ctxid": 0, "pos": [3270.586, -4111.154, 81.926], "rotationMatrix": [0.920161, -0.391541, 0.0, 0.391541, 0.920161, 0.0, 0.0, 0.0, 1.0], "scale": 1.0, "type": "farmhouse_e"}
{"ctxid": 0, "pos": [-807.375, 3329.344, 364.604], "rotationMatrix": [-0.665966, -0.745982, 0.0, 0.745982, -0.665966, 0.0, 0.0, 0.0, 1.0], "scale": 1.0, "type": "farmhouse_e"}
{"ctxid": 0, "pos": [-215.998, 3153.695, 364.425], "rotationMatrix": [-0.377978, -0.925815, 0.0, 0.925815, -0.377978, 0.0, 0.0, 0.0, 1.0], "scale": 1.0, "type": "farmhouse_e"}
{"ctxid": 0, "pos": [-735.536, 3339.017, 364.604], "rotationMatrix": [0.080603, -0.996746, 0.0, 0.996746, 0.080603, 0.0, 0.0, 0.0, 1.0], "scale": 1.0, "type": "farmhouse_e"}
{"ctxid": 0, "pos": [-575.075, 3277.494, 363.99], "rotationMatrix": [0.165618, -0.98619, 0.0, 0.98619, 0.165618, 0.0, 0.0, 0.0, 1.0], "scale": 1.0, "type": "farmhouse_e"}
{"ctxid": 0, "pos": [-597.738, 3347.028, 363.99], "rotationMatrix": [-0.755002, -0.655722, 0.0, 0.655722, -0.755002, 0.0, 0.0, 0.0, 1.0], "scale": 1.0, "type": "farmhouse_e"}
{"ctxid": 0, "pos": [-568.038, 3335.113, 363.99], "rotationMatrix": [-0.231391, -0.972861, 0.0, 0.972861, -0.231391, 0.0, 0.0, 0.0, 1.0], "scale": 1.0, "type": "farmhouse_e"}
{"ctxid": 0, "pos": [-603.671, 3393.515, 363.99], "rotationMatrix": [0.125354, -0.992112, 0.0, 0.992112, 0.125354, 0.0, 0.0, 0.0, 1.0], "scale": 1.0, "type": "farmhouse_e"}
{"ctxid": 0, "pos": [-789.367, 3277.652, 364.604], "rotationMatrix": [-0.021135, -0.999777, 0.0, 0.999777, -0.021135, 0.0, 0.0, 0.0, 1.0], "scale": 1.0, "type": "farmhouse_e"}
{"ctxid": 0, "pos": [-877.79, 3258.954, 364.604], "rotationMatrix": [-0.2514, -0.967883, 0.0, 0.967883, -0.2514, 0.0, 0.0, 0.0, 1.0], "scale": 1.0, "type": "farmhouse_e"}
{"ctxid": 0, "pos": [-1153.293, 3637.642, 382.351], "rotationMatrix": [0.145282, -0.98939, 0.0, 0.98939, 0.145282, 0.0, 0.0, 0.0, 1.0], "scale": 1.0, "type": "farmhouse_e"}
{"ctxid": 0, "pos": [-695.554, 3139.069, 363.975], "rotationMatrix": [0.032368, -0.999476, 0.0, 0.999476, 0.032368, 0.0, 0.0, 0.0, 1.0], "scale": 1.0, "type": "farmhouse_e"}
{"ctxid": 0, "pos": [-714.534, 3096.6, 363.975], "rotationMatrix": [0.150622, -0.988591, 0.0, 0.988591, 0.150622, 0.0, 0.0, 0.0, 1.0], "scale": 1.0, "type": "farmhouse_e"}
{"ctxid": 0, "pos": [-630.578, 3167.032, 363.975], "rotationMatrix": [0.477487, -0.878639, 0.0, 0.878639, 0.477487, 0.0, 0.0, 0.0, 1.0], "scale": 1.0, "type": "farmhouse_e"}
{"ctxid": 0, "pos": [-498.77, 2724.704, 364.89], "rotationMatrix": [-0.037262, -0.999306, 0.0, 0.999306, -0.037262, 0.0, 0.0, 0.0, 1.0], "scale": 1.0, "type": "farmhouse_e"}
{"ctxid": 0, "pos": [-866.826, 3488.939, 365.961], "rotationMatrix": [-0.58219, -0.813053, 0.0, 0.813053, -0.58219, 0.0, 0.0, 0.0, 1.0], "scale": 1.0, "type": "farmhouse_e"}
{"ctxid": 0, "pos": [414.235, -202.363, 37.279], "rotationMatrix": [0.972477, -0.232997, 0.0, 0.232997, 0.972477, 0.0, 0.0, 0.0, 1.0], "scale": 1.0, "type": "farmhouse_e"}
{"ctxid": 0, "pos": [497.621, -48.061, 53.301], "rotationMatrix": [-0.570401, -0.821367, 0.0, 0.821367, -0.570401, 0.0, 0.0, 0.0, 1.0], "scale": 1.0, "type": "farmhouse_e"}
{"ctxid": 0, "pos": [-876.237, 3306.118, 364.954], "rotationMatrix": [0.609096, -0.793096, 0.0, 0.793096, 0.609096, 0.0, 0.0, 0.0, 1.0], "scale": 1.0, "type": "farmhouse_e"}
{"ctxid": 0, "pos": [-901.344, 3308.85, 364.954], "rotationMatrix": [0.581816, -0.813321, 0.0, 0.813321, 0.581816, 0.0, 0.0, 0.0, 1.0], "scale": 1.0, "type": "farmhouse_e"}
{"ctxid": 0, "pos": [-642.766, 3242.231, 363.99], "rotationMatrix": [-0.635597, -0.772021, 0.0, 0.772021, -0.635597, 0.0, 0.0, 0.0, 1.0], "scale": 1.0, "type": "farmhouse_e"}
{"ctxid": 0, "pos": [-865.808, 3418.772, 365.289], "rotationMatrix": [0.524369, -0.851491, 0.0, 0.851491, 0.524369, 0.0, 0.0, 0.0, 1.0], "scale": 1.0, "type": "farmhouse_e"}
{"ctxid": 0, "pos": [-849.842, 3431.908, 365.289], "rotationMatrix": [-0.17767, -0.98409, 0.0, 0.98409, -0.17767, 0.0, 0.0, 0.0, 1.0], "scale": 1.0, "type": "farmhouse_e"}
{"ctxid": 0, "pos": [-786.534, 3229.707, 363.99], "rotationMatrix": [-0.95127, -0.308359, 0.0, 0.308359, -0.95127, 0.0, 0.0, 0.0, 1.0], "scale": 1.0, "type": "farmhouse_e"}
{"ctxid": 0, "pos": [-588.08, 3270.778, 363.99], "rotationMatrix": [-0.273586, -0.961847, 0.0, 0.961847, -0.273586, 0.0, 0.0, 0.0, 1.0], "scale": 1.0, "type": "farmhouse_e"}
{"ctxid": 0, "pos": [-779.978, 2517.443, 364.89], "rotationMatrix": [-0.40215, -0.915574, 0.0, 0.915574, -0.40215, 0.0, 0.0, 0.0, 1.0], "scale": 1.0, "type": "farmhouse_e"}
