{"ctxid": 0, "pos": [3238.68, -3988.065, 85.912], "rotationMatrix": [0.88007, 0.474844, 0.0, -0.474844, 0.88007, 0.0, 0.0, 0.0, 1.0], "scale": 0.957, "type": "farmhouse_h"}
{"ctxid": 0, "pos": [2911.45, -3964.604, 110.67], "rotationMatrix": [0.857508, -0.514471, 0.0, 0.514471, 0.857508, 0.0, 0.0, 0.0, 1.0], "scale": 1.037, "type": "farmhouse_h"}
{"ctxid": 0, "pos": [2065.163, -3078.997, 232.502], "rotationMatrix": [-0.992879, -0.11913, 0.0, 0.11913, -0.992879, 0.0, 0.0, 0.0, 1.0], "scale": 0.992, "type": "farmhouse_h"}
{"ctxid": 0, "pos": [2210.187, -2393.6, 262.924], "rotationMatrix": [0.809375, -0.587293, 0.0, 0.587293, 0.809375, 0.0, 0.0, 0.0, 1.0], "scale": 1.084, "type": "farmhouse_h"}
{"ctxid": 0, "pos": [542.933, -1312.835, 65.248], "rotationMatrix": [0.766245, -0.642548, 0.0, 0.642548, 0.766245, 0.0, 0.0, 0.0, 1.0], "scale": 0.883, "type": "farmhouse_h"}
{"ctxid": 0, "pos": [-660.724, 954.639, 214.507], "rotationMatrix": [0.998478, 0.05516, 0.0, -0.05516, 0.998478, 0.0, 0.0, 0.0, 1.0], "scale": 1.039, "type": "farmhouse_h"}
{"ctxid": 0, "pos": [505.885, 59.141, 63.281], "rotationMatrix": [0.680304, -0.73293, 0.0, 0.73293, 0.680304, 0.0, 0.0, 0.0, 1.0], "scale": 1.0, "type": "farmhouse_h"}
{"ctxid": 0, "pos": [3562.001, 3574.106, 76.729], "rotationMatrix": [-0.982504, -0.186241, 0.0, 0.186241, -0.982504, 0.0, 0.0, 0.0, 1.0], "scale": 1.0, "type": "farmhouse_h"}
{"ctxid": 0, "pos": [-3346.428, 789.529, 366.915], "rotationMatrix": [-0.0376, -0.999293, 0.0, 0.999293, -0.0376, 0.0, 0.0, 0.0, 1.0], "scale": 1.0, "type": "farmhouse_h"}
{"ctxid": 0, "pos": [-3298.134, 792.205, 366.915], "rotationMatrix": [-0.495837, -0.868416, 0.0, 0.868416, -0.495837, 0.0, 0.0, 0.0, 1.0], "scale": 1.0, "type": "farmhouse_h"}
{"ctxid": 0, "pos": [-2969.928, 577.195, 316.872], "rotationMatrix": [-0.999307, -0.037212, 0.0, 0.037212, -0.999307, 0.0, 0.0, 0.0, 1.0], "scale": 1.0, "type": "farmhouse_h"}
{"ctxid": 0, "pos": [-3121.896, 828.489, 319.36], "rotationMatrix": [0.996708, -0.081076, 0.0, 0.081076, 0.996708, 0.0, 0.0, 0.0, 1.0], "scale": 1.0, "type": "farmhouse_h"}
{"ctxid": 0, "pos": [-3074.224, 1049.763, 366.915], "rotationMatrix": [0.97344, -0.228942, 0.0, 0.228942, 0.97344, 0.0, 0.0, 0.0, 1.0], "scale": 1.0, "type": "farmhouse_h"}
{"ctxid": 0, "pos": [-3436.909, 550.287, 316.872], "rotationMatrix": [0.047746, -0.99886, 0.0, 0.99886, 0.047746, 0.0, 0.0, 0.0, 1.0], "scale": 1.0, "type": "farmhouse_h"}
{"ctxid": 0, "pos": [-3532.259, 551.131, 316.872], "rotationMatrix": [-0.537095, -0.843522, 0.0, 0.843522, -0.537095, 0.0, 0.0, 0.0, 1.0], "scale": 1.0, "type": "farmhouse_h"}
{"ctxid": 0, "pos": [-2481.128, 1024.845, 319.36], "rotationMatrix": [0.913595, -0.406626, 0.0, 0.406626, 0.913595, 0.0, 0.0, 0.0, 1.0], "scale": 1.0, "type": "farmhouse_h"}
{"ctxid": 0, "pos": [-2909.851, 871.491, 319.36], "rotationMatrix": [0.87115, -0.491018, 0.0, 0.491018, 0.87115, 0.0, 0.0, 0.0, 1.0], "scale": 1.0, "type": "farmhouse_h"}
{"ctxid": 0, "pos": [-2933.192, 675.165, 316.872], "rotationMatrix": [-0.975076, -0.221872, 0.0, 0.221872, -0.975076, 0.0, 0.0, 0.0, 1.0], "scale": 1.0, "type": "farmhouse_h"}
{"ctxid": 0, "pos": [-3200.956, 574.673, 316.872], "rotationMatrix": [0.719477, -0.694516, 0.0, 0.694516, 0.719477, 0.0, 0.0, 0.0, 1.0], "scale": 1.0, "type": "farmhouse_h"}
{"ctxid": 0, "pos": [-3061.887, 1386.733, 366.915], "rotationMatrix": [-0.892071, -0.451894, 0.0, 0.451894, -0.892071, 0.0, 0.0, 0.0, 1.0], "scale": 1.0, "type": "farmhouse_h"}
{"ctxid": 0, "pos": [-3813.728, 582.678, 366.915], "rotationMatrix": [-0.937811, -0.347147, 0.0, 0.347147, -0.937811, 0.0, 0.0, 0.0, 1.0], "scale": 1.0, "type": "farmhouse_h"}
{"ctxid": 0, "pos": [3683.215, 3505.07, 76.729], "rotationMatrix": [-0.527842, -0.849342, 0.0, 0.849342, -0.527842, 0.0, 0.0, 0.0, 1.0], "scale": 1.0, "type": "farmhouse_h"}
{"ctxid": 0, "pos": [3682.492, 3628.351, 76.729], "rotationMatrix": [0.079517, -0.996833, 0.0, 0.996833, 0.079517, 0.0, 0.0, 0.0, 1.0], "scale": 1.0, "type": "farmhouse_h"}
{"ctxid": 0, "pos": [2689.23, -4106.794, 135.081], "rotationMatrix": [-0.725291, -0.688443, 0.0, 0.688443, -0.725291, 0.0, 0.0, 0.0, 1.0], "scale": 1.0, "type": "farmhouse_h"}
{"ctxid": 0, "pos": [2356.347, -3556.32, 192.014], "rotationMatrix": [-0.866765, -0.498716, 0.0, 0.498716, -0.866765, 0.0, 0.0, 0.0, 1.0], "scale": 1.0, "type": "farmhouse_h"}
{"ctxid": 0, "pos": [176.78, -880.048, 0.46], "rotationMatrix": [0.419426, -0.907789, 0.0, 0.907789, 0.419426, 0.0, 0.0, 0.0, 1.0], "scale": 1.0, "type": "farmhouse_h"}
{"ctxid": 0, "pos": [-483.419, 3330.866, 363.975], "rotationMatrix": [-0.8751, -0.483942, 0.0, 0.483942, -0.8751, 0.0, 0.0, 0.0, 1.0], "scale": 1.0, "type": "farmhouse_h"}
{"ctxid": 0, "pos": [-719.235, 3252.141, 363.99], "rotationMatrix": [0.108889, -0.994054, 0.0, 0.994054, 0.108889, 0.0, 0.0, 0.0, 1.0], "scale": 1.0, "type": "farmhouse_h"}
{"ctxid": 0, "pos": [-729.894, 3330.681, 364.604], "rotationMatrix": [-0.974299, -0.22526, 0.0, 0.22526, -0.974299, 0.0, 0.0, 0.0, 1.0], "scale": 1.0, "type": "farmhouse_h"}
{"ctxid": 0, "pos": [-722.261, 3344.934, 364.604], "rotationMatrix": [-0.582813, -0.812606, 0.0, 0.812606, -0.582813, 0.0, 0.0, 0.0, 1.0], "scale": 1.0, "type": "farmhouse_h"}
{"ctxid": 0, "pos": [-615.758, 3409.238, 364.604], "rotationMatrix": [0.035042, -0.999386, 0.0, 0.999386, 0.035042, 0.0, 0.0, 0.0, 1.0], "scale": 1.0, "type": "farmhouse_h"}
{"ctxid": 0, "pos": [-733.991, 3095.82, 363.975], "rotationMatrix": [0.421192, -0.906972, 0.0, 0.906972, 0.421192, 0.0, 0.0, 0.0, 1.0], "scale": 1.0, "type": "farmhouse_h"}
{"ctxid": 0, "pos": [-647.719, 3180.081, 363.975], "rotationMatrix": [0.172964, -0.984928, 0.0, 0.984928, 0.172964, 0.0, 0.0, 0.0, 1.0], "scale": 1.0, "type": "farmhouse_h"}
{"ctxid": 0, "pos": [-678.87, 3189.834, 363.975], "rotationMatrix": [0.955348, -0.295482, 0.0, 0.295482, 0.955348, 0.0, 0.0, 0.0, 1.0], "scale": 1.0, "type": "farmhouse_h"}
{"ctxid": 0, "pos": [-774.197, 3307.765, 364.604], "rotationMatrix": [-0.578389, -0.815761, 0.0, 0.815761, -0.578389, 0.0, 0.0, 0.0, 1.0], "scale": 1.0, "type": "farmhouse_h"}
{"ctxid": 0, "pos": [-767.311, 3311.664, 364.604], "rotationMatrix": [-0.687733, -0.725964, 0.0, 0.725964, -0.687733, 0.0, 0.0, 0.0, 1.0], "scale": 1.0, "type": "farmhouse_h"}
{"ctxid": 0, "pos": [-476.014, 3398.641, 363.99], "rotationMatrix": [0.940421, -0.340012, 0.0, 0.340012, 0.940421, 0.0, 0.0, 0.0, 1.0], "scale": 1.0, "type": "farmhouse_h"}
{"ctxid": 0, "pos": [290.241, 3851.691, 363.975], "rotationMatrix": [-0.656892, -0.753985, 0.0, 0.753985, -0.656892, 0.0, 0.0, 0.0, 1.0], "scale": 1.0, "type": "farmhouse_h"}
{"ctxid": 0, "pos": [-898.716, 3353.7, 365.289], "rotationMatrix": [-0.57018, -0.82152, 0.0, 0.82152, -0.57018, 0.0, 0.0, 0.0, 1.0], "scale": 1.0, "type": "farmhouse_h"}
{"ctxid": 0, "pos": [562.258, -72.836, 53.418], "rotationMatrix": [-0.375763, -0.926716, 0.0, 0.926716, -0.375763, 0.0, 0.0, 0.0, 1.0], "scale": 1.0, "type": "farmhouse_h"}
{"ctxid": 0, "pos": [587.253, -276.448, 27.96], "rotationMatrix": [0.794728, -0.606966, 0.0, 0.606966, 0.794728, 0.0, 0.0, 0.0, 1.0], "scale": 1.0, "type": "farmhouse_h"}
{"ctxid": 0, "pos": [928.429, 255.292, 73.328], "rotationMatrix": [-0.994056, -0.108869, 0.0, 0.108869, -0.994056, 0.0, 0.0, 0.0, 1.0], "scale": 1.0, "type": "farmhouse_h"}
{"ctxid": 0, "pos": [1357.465, 4096.05, 364.425], "rotationMatrix": [-0.557564, -0.830134, 0.0, 0.830134, -0.557564, 0.0, 0.0, 0.0, 1.0], "scale": 1.0, "type": "farmhouse_h"}
{"ctxid": 0, "pos": [-525.625, 3298.591, 363.975], "rotationMatrix": [-0.21168, -0.977339, 0.0, 0.977339, -0.21168, 0.0, 0.0, 0.0, 1.0], "scale": 1.0, "type": "farmhouse_h"}
{"ctxid": 0, "pos": [-1009.516, 215.131, 210.65], "rotationMatrix": [0.120248, -0.992744, 0.0, 0.992744, 0.120248, 0.0, 0.0, 0.0, 1.0], "scale": 1.0, "type": "farmhouse_h"}
{"ctxid": 0, "pos": [-445.032, 721.463, 186.195], "rotationMatrix": [-0.786623, -0.617434, 0.0, 0.617434, -0.786623, 0.0, 0.0, 0.0, 1.0], "scale": 1.0,