{"ctxid": 0, "pos": [2161.703, -3218.842, 218.995], "rotationMatrix": [0.982165, -0.188019, 0.0, 0.188019, 0.982165, 0.0, 0.0, 0.0, 1.0], "scale": 0.952, "type": "farmhouse_j"}
{"ctxid": 0, "pos": [911.723, -1470.294, 127.369], "rotationMatrix": [0.508821, -0.860872, 0.0, 0.860872, 0.508821, 0.0, 0.0, 0.0, 1.0], "scale": 0.997, "type": "farmhouse_j"}
{"ctxid": 0, "pos": [-132.08, 421.805, 135.282], "rotationMatrix": [0.993687, -0.112191, 0.0, 0.112191, 0.993687, 0.0, 0.0, 0.0, 1.0], "scale": 0.943, "type": "farmhouse_j"}
{"ctxid": 0, "pos": [-3230.973, 793.124, 366.915], "rotationMatrix": [0.506754, -0.862091, 0.0, 0.862091, 0.506754, 0.0, 0.0, 0.0, 1.0], "scale": 1.0, "type": "farmhouse_j"}
{"ctxid": 0, "pos": [-3282.198, 782.202, 366.915], "rotationMatrix": [0.302372, -0.95319, 0.0, 0.95319, 0.302372, 0.0, 0.0, 0.0, 1.0], "scale": 1.0, "type": "farmhouse_j"}
{"ctxid": 0, "pos": [-3365.175, 1586.681, 431.082], "rotationMatrix": [0.618353, -0.7859, 0.0, 0.7859, 0.618353, 0.0, 0.0, 0.0, 1.0], "scale": 1.0, "type": "farmhouse_j"}
{"ctxid": 0, "pos": [-3378.842, 842.437, 366.915], "rotationMatrix": [-0.864564, -0.502523, 0.0, 0.502523, -0.864564, 0.0, 0.0, 0.0, 1.0], "scale": 1.0, "type": "farmhouse_j"}
{"ctxid": 0, "pos": [-3119.53, 784.122, 319.36], "rotationMatrix": [-0.852761, -0.522301, 0.0, 0.522301, -0.852761, 0.0, 0.0, 0.0, 1.0], "scale": 1.0, "type": "farmhouse_j"}
{"ctxid": 0, "pos": [-3103.112, 1042.102, 366.915], "rotationMatrix": [0.794726, -0.606968, 0.0, 0.606968, 0.794726, 0.0, 0.0, 0.0, 1.0], "scale": 1.0, "type": "farmhouse_j"}
{"ctxid": 0, "pos": [-2999.355, 993.106, 366.915], "rotationMatrix": [0.903727, -0.428109, 0.0, 0.428109, 0.903727, 0.0, 0.0, 0.0, 1.0], "scale": 1.0, "type": "farmhouse_j"}
{"ctxid": 0, "pos": [-3269.363, 561.068, 316.872], "rotationMatrix": [-0.940541, -0.339681, 0.0, 0.339681, -0.940541, 0.0, 0.0, 0.0, 1.0], "scale": 1.0, "type": "farmhouse_j"}
{"ctxid": 0, "pos": [-3394.977, 437.155, 316.872], "rotationMatrix": [0.931842, -0.362864, 0.0, 0.362864, 0.931842, 0.0, 0.0, 0.0, 1.0], "scale": 1.0, "type": "farmhouse_j"}
{"ctxid": 0, "pos": [-3428.321, 415.02, 316.872], "rotationMatrix": [0.757504, -0.65283, 0.0, 0.65283, 0.757504, 0.0, 0.0, 0.0, 1.0], "scale": 1.0, "type": "farmhouse_j"}
{"ctxid": 0, "pos": [3645.265, 3633.013, 76.729], "rotationMatrix": [-0.104254, -0.994551, 0.0, 0.994551, -0.104254, 0.0, 0.0, 0.0, 1.0], "scale": 1.0, "type": "farmhouse_j"}
{"ctxid": 0, "pos": [3599.277, 3613.422, 76.729], "rotationMatrix": [-0.378908, -0.925434, 0.0, 0.925434, -0.378908, 0.0, 0.0, 0.0, 1.0], "scale": 1.0, "type": "farmhouse_j"}
{"ctxid": 0, "pos": [3745.259, -4819.992, 67.681], "rotationMatrix": [0.996513, -0.083433, 0.0, 0.083433, 0.996513, 0.0, 0.0, 0.0, 1.0], "scale": 1.0, "type": "farmhouse_j"}
{"ctxid": 0, "pos": [1302.109, -2983.32, 245.87], "rotationMatrix": [-0.977125, -0.212667, 0.0, 0.212667, -0.977125, 0.0, 0.0, 0.0, 1.0], "scale": 1.0, "type": "farmhouse_j"}
{"ctxid": 0, "pos": [-793.088, -2283.577, 61.054], "rotationMatrix": [0.794565, -0.607179, 0.0, 0.607179, 0.794565, 0.0, 0.0, 0.0, 1.0], "scale": 1.0, "type": "farmhouse_j"}
{"ctxid": 0, "pos": [-1504.895, -2699.557, 58.994], "rotationMatrix": [0.144138, -0.989558, 0.0, 0.989558, 0.144138, 0.0, 0.0, 0.0, 1.0], "scale": 1.0, "type": "farmhouse_j"}
{"ctxid": 0, "pos": [3182.715, -3211.188, 136.142], "rotationMatrix": [-0.521061, -0.853519, 0.0, 0.853519, -0.521061, 0.0, 0.0, 0.0, 1.0], "scale": 1.0, "type": "farmhouse_j"}
{"ctxid": 0, "pos": [-555.014, 3342.897, 363.99], "rotationMatrix": [-0.131592, -0.991304, 0.0, 0.991304, -0.131592, 0.0, 0.0, 0.0, 1.0], "scale": 1.0, "type": "farmhouse_j"}
{"ctxid": 0, "pos": [-710.547, 3365.866, 364.604], "rotationMatrix": [-0.997266, -0.073889, 0.0, 0.073889, -0.997266, 0.0, 0.0, 0.0, 1.0], "scale": 1.0, "type": "farmhouse_j"}
{"ctxid": 0, "pos": [-842.695, 3346.973, 364.954], "rotationMatrix": [0.391471, -0.92019, 0.0, 0.92019, 0.391471, 0.0, 0.0, 0.0, 1.0], "scale": 1.0, "type": "farmhouse_j"}
{"ctxid": 0, "pos": [-551.907, 2989.45, 364.425], "rotationMatrix": [0.118806, -0.992918, 0.0, 0.992918, 0.118806, 0.0, 0.0, 0.0, 1.0], "scale": 1.0, "type": "farmhouse_j"}
{"ctxid": 0, "pos": [-700.944, 3340.084, 364.604], "rotationMatrix": [-0.860675, -0.509155, 0.0, 0.509155, -0.860675, 0.0, 0.0, 0.0, 1.0], "scale": 1.0, "type": "farmhouse_j"}
{"ctxid": 0, "pos": [-623.043, 3279.652, 363.99], "rotationMatrix": [0.034166, -0.999416, 0.0, 0.999416, 0.034166, 0.0, 0.0, 0.0, 1.0], "scale": 1.0, "type": "farmhouse_j"}
{"ctxid": 0, "pos": [-576.326, 3293.434, 363.99], "rotationMatrix": [0.983741, -0.17959, 0.0, 0.17959, 0.983741, 0.0, 0.0, 0.0, 1.0], "scale": 1.0, "type": "farmhouse_j"}
{"ctxid": 0, "pos": [-610.932, 3297.121, 363.99], "rotationMatrix": [-0.342658, -0.93946, 0.0, 0.93946, -0.342658, 0.0, 0.0, 0.0, 1.0], "scale": 1.0, "type": "farmhouse_j"}
{"ctxid": 0, "pos": [-649.468, 3397.017, 364.604], "rotationMatrix": [-0.630678, -0.776045, 0.0, 0.776045, -0.630678, 0.0, 0.0, 0.0, 1.0], "scale": 1.0, "type": "farmhouse_j"}
{"ctxid": 0, "pos": [-646.339, 3299.942, 363.99], "rotationMatrix": [-0.907635, -0.41976, 0.0, 0.41976, -0.907635, 0.0, 0.0, 0.0, 1.0], "scale": 1.0, "type": "farmhouse_j"}
{"ctxid": 0, "pos": [-402.773, 3434.74, 363.99], "rotationMatrix": [-0.11883, -0.992915, 0.0, 0.992915, -0.11883, 0.0, 0.0, 0.0, 1.0], "scale": 1.0, "type": "farmhouse_j"}
{"ctxid": 0, "pos": [-311.664, 3385.8, 363.975], "rotationMatrix": [0.283093, -0.959092, 0.0, 0.959092, 0.283093, 0.0, 0.0, 0.0, 1.0], "scale": 1.0, "type": "farmhouse_j"}
{"ctxid": 0, "pos": [-733.856, 3268.804, 363.99], "rotationMatrix": [-0.207948, -0.97814, 0.0, 0.97814, -0.207948, 0.0, 0.0, 0.0, 1.0], "scale": 1.0, "type": "farmhouse_j"}
{"ctxid": 0, "pos": [-1030.338, 2999.308, 363.99], "rotationMatrix": [-0.696159, -0.717888, 0.0, 0.717888, -0.696159, 0.0, 0.0, 0.0, 1.0], "scale": 1.0, "type": "farmhouse_j"}
{"ctxid": 0, "pos": [-616.357, 3189.07, 363.975], "rotationMatrix": [0.973104, -0.230367, 0.0, 0.230367, 0.973104, 0.0, 0.0, 0.0, 1.0], "scale": 1.0, "type": "farmhouse_j"}
{"ctxid": 0, "pos": [-538.15, 3861.639, 365.961], "rotationMatrix": [0.58669, -0.809812, 0.0, 0.809812, 0.58669, 0.0, 0.0, 0.0, 1.0], "scale": 1.0, "type": "farmhouse_j"}
{"ctxid": 0, "pos": [-253.756, 3755.53, 364.604], "rotationMatrix": [0.915129, -0.403161, 0.0, 0.403161, 0.915129, 0.0, 0.0, 0.0, 1.0], "scale": 1.0, "type": "farmhouse_j"}
{"ctxid": 0, "pos": [391.627, -234.608, 34.351], "rotationMatrix": [-0.384149, -0.923271, 0.0, 0.923271, -0.384149, 0.0, 0.0, 0.0, 1.0], "scale": 1.0, "type": "farmhouse_j"}
{"ctxid": 0, "pos": [460.397, 5101.731, 384.277], "rotationMatrix": [-0.461875, -0.886945, 0.0, 0.886945, -0.461875, 0.0, 0.0, 0.0, 1.0], "scale": 1.0, "type": "farmhouse_j"}
{"ctxid": 0, "pos": [697.689, 5039.347, 365.289], "rotationMatrix": [-0.998738, -0.050221, 0.0, 0.050221, -0.998738, 0.0, 0.0, 0.0, 1.0], "scale": 1.0, "type": "farmhouse_j"}
{"ctxid": 0, "pos": [-850.821, 3404.369, 365.289], "rotationMatrix": [0.89794, -0.440118, 0.0, 0.440118, 0.89794, 0.0, 0.0, 0.0, 1.0], "scale": 1.0, "type": "farmhouse_j"}
{"ctxid": 0, "pos": [-739.608, 2565.99, 364.89], "rotationMatrix": [0.988761, -0.149505, 0.0, 0.149505, 0.988761, 0.0, 0.0, 0.0, 1.0], "scale": 1.0, "type": "farmhouse_j"}
