{"ctxid": 0, "pos": [2587.088, -3543.684, 170.971], "rotationMatrix": [-0.81777, -0.575545, 0.0, 0.575545, -0.81777, 0.0, 0.0, 0.0, 1.0], "scale": 0.876, "type": "farmhouse_b"}
{"ctxid": 0, "pos": [1783.348, -1895.563, 223.063], "rotationMatrix": [-0.999507, 0.031399, 0.0, -0.031399, -0.999507, 0.0, 0.0, 0.0, 1.0], "scale": 0.977, "type": "farmhouse_b"}
{"ctxid": 0, "pos": [1253.462, -1787.325, 188.815], "rotationMatrix": [0.997076, -0.076412, 0.0, 0.076412, 0.997076, 0.0, 0.0, 0.0, 1.0], "scale": 0.879, "type": "farmhouse_b"}
{"ctxid": 0, "pos": [1227.394, -1624.919, 164.917], "rotationMatrix": [-0.989023, 0.147759, 0.0, -0.147759, -0.989023, 0.0, 0.0, 0.0, 1.0], "scale": 0.989, "type": "farmhouse_b"}
{"ctxid": 0, "pos": [-1194.25, 1450.338, 296.735], "rotationMatrix": [-0.309867, 0.95078, 0.0, -0.95078, -0.309867, 0.0, 0.0, 0.0, 1.0], "scale": 1.073, "type": "farmhouse_b"}
{"ctxid": 0, "pos": [-2806.314, 3611.179, 484.56], "rotationMatrix": [-0.926703, -0.375796, 0.0, 0.375796, -0.926703, 0.0, 0.0, 0.0, 1.0], "scale": 0.817, "type": "farmhouse_b"}
{"ctxid": 0, "pos": [-3439.929, 4328.468, 576.451], "rotationMatrix": [-0.734712, 0.678379, 0.0, -0.678379, -0.734712, 0.0, 0.0, 0.0, 1.0], "scale": 0.952, "type": "farmhouse_b"}
{"ctxid": 0, "pos": [-3653.999, 4753.769, 598.227], "rotationMatrix": [-0.652529, 0.757764, 0.0, -0.757764, -0.652529, 0.0, 0.0, 0.0, 1.0], "scale": 0.962, "type": "farmhouse_b"}
{"ctxid": 0, "pos": [-3255.596, 801.311, 366.915], "rotationMatrix": [-0.926299, -0.376789, 0.0, 0.376789, -0.926299, 0.0, 0.0, 0.0, 1.0], "scale": 1.0, "type": "farmhouse_b"}
{"ctxid": 0, "pos": [-3273.7, 777.151, 366.915], "rotationMatrix": [-0.992933, -0.118673, 0.0, 0.118673, -0.992933, 0.0, 0.0, 0.0, 1.0], "scale": 1.0, "type": "farmhouse_b"}
{"ctxid": 0, "pos": [-3134.48, 750.453, 316.872], "rotationMatrix": [-0.183003, -0.983112, 0.0, 0.983112, -0.183003, 0.0, 0.0, 0.0, 1.0], "scale": 1.0, "type": "farmhouse_b"}
{"ctxid": 0, "pos": [-3126.783, 815.121, 319.36], "rotationMatrix": [-0.770224, -0.637774, 0.0, 0.637774, -0.770224, 0.0, 0.0, 0.0, 1.0], "scale": 1.0, "type": "farmhouse_b"}
{"ctxid": 0, "pos": [-2980.031, 1078.656, 366.915], "rotationMatrix": [-0.937285, -0.348565, 0.0, 0.348565, -0.937285, 0.0, 0.0, 0.0, 1.0], "scale": 1.0, "type": "farmhouse_b"}
{"ctxid": 0, "pos": [-3048.631, 1067.6, 366.915], "rotationMatrix": [0.882694, -0.469948, 0.0, 0.469948, 0.882694, 0.0, 0.0, 0.0, 1.0], "scale": 1.0, "type": "farmhouse_b"}
{"ctxid": 0, "pos": [-3310.259, 512.9, 316.872], "rotationMatrix": [0.998685, -0.051266, 0.0, 0.051266, 0.998685, 0.0, 0.0, 0.0, 1.0], "scale": 1.0, "type": "farmhouse_b"}
{"ctxid": 0, "pos": [-2934.45, 878.682, 319.36], "rotationMatrix": [-0.97203, -0.234858, 0.0, 0.234858, -0.97203, 0.0, 0.0, 0.0, 1.0], "scale": 1.0, "type": "farmhouse_b"}
{"ctxid": 0, "pos": [-3220.018, 385.496, 314.62], "rotationMatrix": [0.02905, -0.999578, 0.0, 0.999578, 0.02905, 0.0, 0.0, 0.0, 1.0], "scale": 1.0, "type": "farmhouse_b"}
{"ctxid": 0, "pos": [-3033.021, 875.514, 319.36], "rotationMatrix": [0.779128, -0.626865, 0.0, 0.626865, 0.779128, 0.0, 0.0, 0.0, 1.0], "scale": 1.0, "type": "farmhouse_b"}
{"ctxid": 0, "pos": [2918.715, -3625.055, 141.72], "rotationMatrix": [-0.558631, -0.829417, 0.0, 0.829417, -0.558631, 0.0, 0.0, 0.0, 1.0], "scale": 1.0, "type": "farmhouse_b"}
{"ctxid": 0, "pos": [1497.433, -2753.574, 244.963], "rotationMatrix": [-0.997625, -0.06888, 0.0, 0.06888, -0.997625, 0.0, 0.0, 0.0, 1.0], "scale": 1.0, "type": "farmhouse_b"}
{"ctxid": 0, "pos": [-733.854, 3356.194, 364.604], "rotationMatrix": [0.821419, -0.570325, 0.0, 0.570325, 0.821419, 0.0, 0.0, 0.0, 1.0], "scale": 1.0, "type": "farmhouse_b"}
{"ctxid": 0, "pos": [-850.787, 3370.642, 364.954], "rotationMatrix": [0.749278, -0.662256, 0.0, 0.662256, 0.749278, 0.0, 0.0, 0.0, 1.0], "scale": 1.0, "type": "farmhouse_b"}
{"ctxid": 0, "pos": [-827.236, 3360.579, 364.954], "rotationMatrix": [0.859357, -0.511375, 0.0, 0.511375, 0.859357, 0.0, 0.0, 0.0, 1.0], "scale": 1.0, "type": "farmhouse_b"}
{"ctxid": 0, "pos": [-585.669, 3424.919, 364.604], "rotationMatrix": [-0.237367, -0.97142, 0.0, 0.97142, -0.237367, 0.0, 0.0, 0.0, 1.0], "scale": 1.0, "type": "farmhouse_b"}
{"ctxid": 0, "pos": [-796.953, 3274.28, 364.604], "rotationMatrix": [0.933438, -0.358738, 0.0, 0.358738, 0.933438, 0.0, 0.0, 0.0, 1.0], "scale": 1.0, "type": "farmhouse_b"}
{"ctxid": 0, "pos": [-1156.845, 3627.968, 382.351], "rotationMatrix": [0.385899, -0.922541, 0.0, 0.922541, 0.385899, 0.0, 0.0, 0.0, 1.0], "scale": 1.0, "type": "farmhouse_b"}
{"ctxid": 0, "pos": [-697.407, 3128.781, 363.975], "rotationMatrix": [-0.377605, -0.925967, 0.0, 0.925967, -0.377605, 0.0, 0.0, 0.0, 1.0], "scale": 1.0, "type": "farmhouse_b"}
{"ctxid": 0, "pos": [-738.342, 3131.551, 363.975], "rotationMatrix": [-0.018536, -0.999828, 0.0, 0.999828, -0.018536, 0.0, 0.0, 0.0, 1.0], "scale": 1.0, "type": "farmhouse_b"}
{"ctxid": 0, "pos": [-562.975, 3172.018, 363.975], "rotationMatrix": [-0.931514, -0.363706, 0.0, 0.363706, -0.931514, 0.0, 0.0, 0.0, 1.0], "scale": 1.0, "type": "farmhouse_b"}
{"ctxid": 0, "pos": [-588.47, 3199.248, 363.975], "rotationMatrix": [0.525176, -0.850994, 0.0, 0.850994, 0.525176, 0.0, 0.0, 0.0, 1.0], "scale": 1.0, "type": "farmhouse_b"}
{"ctxid": 0, "pos": [-526.525, 3447.987, 363.99], "rotationMatrix": [0.198053, -0.980191, 0.0, 0.980191, 0.198053, 0.0, 0.0, 0.0, 1.0], "scale": 1.0, "type": "farmhouse_b"}
{"ctxid": 0, "pos": [-418.182, 3246.771, 363.975], "rotationMatrix": [-0.885639, -0.464375, 0.0, 0.464375, -0.885639, 0.0, 0.0, 0.0, 1.0], "scale": 1.0, "type": "farmhouse_b"}
{"ctxid": 0, "pos": [-855.951, 3485.317, 365.961], "rotationMatrix": [0.881862, -0.471507, 0.0, 0.471507, 0.881862, 0.0, 0.0, 0.0, 1.0], "scale": 1.0, "type": "farmhouse_b"}
{"ctxid": 0, "pos": [-724.821, 3189.027, 363.99], "rotationMatrix": [0.2207, -0.975342, 0.0, 0.975342, 0.2207, 0.0, 0.0, 0.0, 1.0], "scale": 1.0, "type": "farmhouse_b"}
{"ctxid": 0, "pos": [494.04, -67.486, 51.34], "rotationMatrix": [0.575577, -0.817748, 0.0, 0.817748, 0.575577, 0.0, 0.0, 0.0, 1.0], "scale": 1.0, "type": "farmhouse_b"}
{"ctxid": 0, "pos": [935.106, 271.957, 73.328], "rotationMatrix": [0.792843, -0.609425, 0.0, 0.609425, 0.792843, 0.0, 0.0, 0.0, 1.0], "scale": 1.0, "type": "farmhouse_b"}
{"ctxid": 0, "pos": [-158.339, 703.631, 170.997], "rotationMatrix": [0.438152, -0.898901, 0.0, 0.898901, 0.438152, 0.0, 0.0, 0.0, 1.0], "scale": 1.0, "type": "farmhouse_b"}
{"ctxid": 0, "pos": [-286.131, 868.913, 180.397], "rotationMatrix": [0.650788, -0.759259, 0.0, 0.759259, 0.650788, 0.0, 0.0, 0.0, 1.0], "scale": 1.0, "type": "farmhouse_b"}
{"ctxid": 0, "pos": [-906.331, 3275.005, 364.954], "rotationMatrix": [0.964814, -0.262933, 0.0, 0.262933, 0.964814, 0.0, 0.0, 0.0, 1.0], "scale": 1.0, "type": "farmhouse_b"}
{"ctxid": 0, "pos": [-750.392, 3496.176, 365.289], "rotationMatrix": [0.999981, -0.006094, 0.0, 0.006094, 0.999981, 0.0, 0.0, 0.0, 1.0], "scale": 1.0, "type": "farmhouse_b"}
{"ctxid": 0, "pos": [-706.377, 3278.488, 363.99], "rotationMatrix": [-0.737571, -0.67527, 0.0, 0.67527, -0.737571, 0.0, 0.0, 0.0, 1.0], "scale": 1.0, "type": "farmhouse_b"}
{"ctxid": 0, "pos": [-835.034, 3153.265, 363.99], "rotationMatrix": [-0.248675, -0.968587, 0.0, 0.968587, -0.248675, 0.0, 0.0, 0.0, 1.0], "scale": 1.0, "type": "farmhouse_b"}
