{"ctxid": 0, "pos": [2976.907, -3801.191, 126.44], "rotationMatrix": [0.341053, -0.940044, 0.0, 0.940044, 0.341053, 0.0, 0.0, 0.0, 1.0], "scale": 0.858, "type": "farmhouse_i"}
{"ctxid": 0, "pos": [2930.336, -3656.746, 139.14], "rotationMatrix": [0.763639, -0.645643, 0.0, 0.645643, 0.763639, 0.0, 0.0, 0.0, 1.0], "scale": 1.041, "type": "farmhouse_i"}
{"ctxid": 0, "pos": [-3283.443, 796.629, 366.915], "rotationMatrix": [-0.991532, -0.12986, 0.0, 0.12986, -0.991532, 0.0, 0.0, 0.0, 1.0], "scale": 1.0, "type": "farmhouse_i"}
{"ctxid": 0, "pos": [-3257.998, 750.191, 319.36], "rotationMatrix": [0.059705, -0.998216, 0.0, 0.998216, 0.059705, 0.0, 0.0, 0.0, 1.0], "scale": 1.0, "type": "farmhouse_i"}
{"ctxid": 0, "pos": [-3048.045, 731.84, 316.872], "rotationMatrix": [-0.998926, -0.046328, 0.0, 0.046328, -0.998926, 0.0, 0.0, 0.0, 1.0], "scale": 1.0, "type": "farmhouse_i"}
{"ctxid": 0, "pos": [-2968.286, 656.171, 316.872], "rotationMatrix": [0.340748, -0.940155, 0.0, 0.940155, 0.340748, 0.0, 0.0, 0.0, 1.0], "scale": 1.0, "type": "farmhouse_i"}
{"ctxid": 0, "pos": [-3341.922, 764.17, 366.915], "rotationMatrix": [-0.99572, -0.092426, 0.0, 0.092426, -0.99572, 0.0, 0.0, 0.0, 1.0], "scale": 1.0, "type": "farmhouse_i"}
{"ctxid": 0, "pos": [-3063.953, 818.746, 319.36], "rotationMatrix": [-0.548162, -0.836372, 0.0, 0.836372, -0.548162, 0.0, 0.0, 0.0, 1.0], "scale": 1.0, "type": "farmhouse_i"}
{"ctxid": 0, "pos": [-3353.365, 429.103, 316.872], "rotationMatrix": [0.931776, -0.363033, 0.0, 0.363033, 0.931776, 0.0, 0.0, 0.0, 1.0], "scale": 1.0, "type": "farmhouse_i"}
{"ctxid": 0, "pos": [-3377.326, 388.073, 316.872], "rotationMatrix": [0.910901, -0.412625, 0.0, 0.412625, 0.910901, 0.0, 0.0, 0.0, 1.0], "scale": 1.0, "type": "farmhouse_i"}
{"ctxid": 0, "pos": [-2728.631, 1169.16, 366.915], "rotationMatrix": [-0.811369, -0.584534, 0.0, 0.584534, -0.811369, 0.0, 0.0, 0.0, 1.0], "scale": 1.0, "type": "farmhouse_i"}
{"ctxid": 0, "pos": [-3310.699, 687.199, 316.872], "rotationMatrix": [-0.997933, -0.064258, 0.0, 0.064258, -0.997933, 0.0, 0.0, 0.0, 1.0], "scale": 1.0, "type": "farmhouse_i"}
{"ctxid": 0, "pos": [2661.173, -4044.831, 134.77], "rotationMatrix": [0.864688, -0.502309, 0.0, 0.502309, 0.864688, 0.0, 0.0, 0.0, 1.0], "scale": 1.0, "type": "farmhouse_i"}
{"ctxid": 0, "pos": [612.792, -230.14, 30.245], "rotationMatrix": [-0.134926, -0.990856, 0.0, 0.990856, -0.134926, 0.0, 0.0, 0.0, 1.0], "scale": 1.0, "type": "farmhouse_i"}
{"ctxid": 0, "pos": [19.081, -699.906, 28.529], "rotationMatrix": [-0.749267, -0.662268, 0.0, 0.662268, -0.749267, 0.0, 0.0, 0.0, 1.0], "scale": 1.0, "type": "farmhouse_i"}
{"ctxid": 0, "pos": [3198.9, -3209.622, 136.142], "rotationMatrix": [0.683661, -0.7298, 0.0, 0.7298, 0.683661, 0.0, 0.0, 0.0, 1.0], "scale": 1.0, "type": "farmhouse_i"}
{"ctxid": 0, "pos": [-511.859, 3326.252, 363.99], "rotationMatrix": [0.996782, -0.08016, 0.0, 0.08016, 0.996782, 0.0, 0.0, 0.0, 1.0], "scale": 1.0, "type": "farmhouse_i"}
{"ctxid": 0, "pos": [-523.174, 3320.628, 363.99], "rotationMatrix": [-0.971933, -0.235259, 0.0, 0.235259, -0.971933, 0.0, 0.0, 0.0, 1.0], "scale": 1.0, "type": "farmhouse_i"}
{"ctxid": 0, "pos": [-817.541, 3279.748, 364.604], "rotationMatrix": [-0.858117, -0.513454, 0.0, 0.513454, -0.858117, 0.0, 0.0, 0.0, 1.0], "scale": 1.0, "type": "farmhouse_i"}
{"ctxid": 0, "pos": [-399.585, 2950.426, 364.796], "rotationMatrix": [-0.773325, -0.634009, 0.0, 0.634009, -0.773325, 0.0, 0.0, 0.0, 1.0], "scale": 1.0, "type": "farmhouse_i"}
{"ctxid": 0, "pos": [-742.972, 3334.986, 364.604], "rotationMatrix": [-0.879923, -0.475116, 0.0, 0.475116, -0.879923, 0.0, 0.0, 0.0, 1.0], "scale": 1.0, "type": "farmhouse_i"}
{"ctxid": 0, "pos": [-575.139, 3266.054, 363.975], "rotationMatrix": [0.420266, -0.907401, 0.0, 0.907401, 0.420266, 0.0, 0.0, 0.0, 1.0], "scale": 1.0, "type": "farmhouse_i"}
{"ctxid": 0, "pos": [-582.984, 3345.125, 363.99], "rotationMatrix": [0.30285, -0.953038, 0.0, 0.953038, 0.30285, 0.0, 0.0, 0.0, 1.0], "scale": 1.0, "type": "farmhouse_i"}
{"ctxid": 0, "pos": [-676.523, 3333.982, 364.604], "rotationMatrix": [0.091919, -0.995766, 0.0, 0.995766, 0.091919, 0.0, 0.0, 0.0, 1.0], "scale": 1.0, "type": "farmhouse_i"}
{"ctxid": 0, "pos": [-642.924, 3385.631, 364.604], "rotationMatrix": [-0.034768, -0.999395, 0.0, 0.999395, -0.034768, 0.0, 0.0, 0.0, 1.0], "scale": 1.0, "type": "farmhouse_i"}
{"ctxid": 0, "pos": [-791.375, 3262.518, 364.604], "rotationMatrix": [-0.602801, -0.797891, 0.0, 0.797891, -0.602801, 0.0, 0.0, 0.0, 1.0], "scale": 1.0, "type": "farmhouse_i"}
{"ctxid": 0, "pos": [-750.799, 3115.819, 363.975], "rotationMatrix": [-0.26689, -0.963727, 0.0, 0.963727, -0.26689, 0.0, 0.0, 0.0, 1.0], "scale": 1.0, "type": "farmhouse_i"}
{"ctxid": 0, "pos": [-525.017, 3153.943, 364.425], "rotationMatrix": [0.037309, -0.999304, 0.0, 0.999304, 0.037309, 0.0, 0.0, 0.0, 1.0], "scale": 1.0, "type": "farmhouse_i"}
{"ctxid": 0, "pos": [-933.973, 3517.007, 365.67], "rotationMatrix": [0.246976, -0.969022, 0.0, 0.969022, 0.246976, 0.0, 0.0, 0.0, 1.0], "scale": 1.0, "type": "farmhouse_i"}
{"ctxid": 0, "pos": [394.521, -400.264, 9.716], "rotationMatrix": [-0.698655, -0.715458, 0.0, 0.715458, -0.698655, 0.0, 0.0, 0.0, 1.0], "scale": 1.0, "type": "farmhouse_i"}
{"ctxid": 0, "pos": [546.912, -331.579, 21.478], "rotationMatrix": [-0.483215, -0.875502, 0.0, 0.875502, -0.483215, 0.0, 0.0, 0.0, 1.0], "scale": 1.0, "type": "farmhouse_i"}
{"ctxid": 0, "pos": [517.619, -346.75, 19.737], "rotationMatrix": [-0.221701, -0.975115, 0.0, 0.975115, -0.221701, 0.0, 0.0, 0.0, 1.0], "scale": 1.0, "type": "farmhouse_i"}
{"ctxid": 0, "pos": [509.719, -351.739, 18.969], "rotationMatrix": [-0.648118, -0.76154, 0.0, 0.76154, -0.648118, 0.0, 0.0, 0.0, 1.0], "scale": 1.0, "type": "farmhouse_i"}
{"ctxid": 0, "pos": [463.255, -400.816, 13.017], "rotationMatrix": [0.816775, -0.576957, 0.0, 0.576957, 0.816775, 0.0, 0.0, 0.0, 1.0], "scale": 1.0, "type": "farmhouse_i"}
{"ctxid": 0, "pos": [983.625, 271.693, 73.328], "rotationMatrix": [0.993613, -0.112842, 0.0, 0.112842, 0.993613, 0.0, 0.0, 0.0, 1.0], "scale": 1.0, "type": "farmhouse_i"}
{"ctxid": 0, "pos": [889.725, 404.466, 32.175], "rotationMatrix": [-0.71717, -0.696898, 0.0, 0.696898, -0.71717, 0.0, 0.0, 0.0, 1.0], "scale": 1.0, "type": "farmhouse_i"}
{"ctxid": 0, "pos": [-911.641, 3341.375, 365.289], "rotationMatrix": [0.661237, -0.750177, 0.0, 0.750177, 0.661237, 0.0, 0.0, 0.0, 1.0], "scale": 1.0, "type": "farmhouse_i"}
{"ctxid": 0, "pos": [-889.37, 3315.073, 364.954], "rotationMatrix": [-0.405782, -0.91397, 0.0, 0.91397, -0.405782, 0.0, 0.0, 0.0, 1.0], "scale": 1.0, "type": "farmhouse_i"}
{"ctxid": 0, "pos": [-370.589, 3455.426, 363.99], "rotationMatrix": [-0.417389, -0.908728, 0.0, 0.908728, -0.417389, 0.0, 0.0, 0.0, 1.0], "scale": 1.0, "type": "farmhouse_i"}
{"ctxid": 0, "pos": [-375.213, 3542.045, 363.99], "rotationMatrix": [0.979644, -0.200743, 0.0, 0.200743, 0.979644, 0.0, 0.0, 0.0, 1.0], "scale": 1.0, "type": "farmhouse_i"}
{"ctxid": 0, "pos": [-932.87, 3304.57, 364.954], "rotationMatrix": [0.852686, -0.522424, 0.0, 0.522424, 0.852686, 0.0, 0.0, 0.0, 1.0], "scale": 1.0, "type": "farmhouse_i"}
{"ctxid": 0, "pos": [-730.888, 3226.865, 363.99], "rotationMatrix": [-0.263954, -0.964535, 0.0, 0.964535, -0.263954, 0.0, 0.0, 0.0, 1.0], "scale": 1.0, "type": "farmhouse_i"}
{"ctxid": 0, "pos": [-559.363, 3240.73, 363.975], "rotationMatrix": [0.711505, -0.702681, 0.0, 0.702681, 0.711505, 0.0, 0.0, 0.0, 1.0], "scale": 1.0, "type": "farmhouse_i"}
{"ctxid": 0, "pos": [-822.014, 3167.772, 363.99], "rotationMatrix": [-0.344554, -0.938766, 0.0, 0.938766, -0.344554, 0.0, 0.0, 0.0, 1.0], "scale": 1.0, "type": "farmhouse_i"}
