{"ctxid": 0, "pos": [413.671, -477.144, 8.488], "rotationMatrix": [-0.400917, 0.916115, 0.0, -0.916115, -0.400917, 0.0, 0.0, 0.0, 1.0], "scale": 0.974, "type": "farmhouse_c"}
{"ctxid": 0, "pos": [-3345.843, 824.153, 366.915], "rotationMatrix": [-0.018167, -0.999835, 0.0, 0.999835, -0.018167, 0.0, 0.0, 0.0, 1.0], "scale": 1.0, "type": "farmhouse_c"}
{"ctxid": 0, "pos": [-3112.316, 736.346, 316.872], "rotationMatrix": [-0.689926, -0.72388, 0.0, 0.72388, -0.689926, 0.0, 0.0, 0.0, 1.0], "scale": 1.0, "type": "farmhouse_c"}
{"ctxid": 0, "pos": [-3167.517, 754.674, 316.872], "rotationMatrix": [0.947873, -0.318648, 0.0, 0.318648, 0.947873, 0.0, 0.0, 0.0, 1.0], "scale": 1.0, "type": "farmhouse_c"}
{"ctxid": 0, "pos": [-3178.747, 826.46, 366.915], "rotationMatrix": [0.996697, -0.081213, 0.0, 0.081213, 0.996697, 0.0, 0.0, 0.0, 1.0], "scale": 1.0, "type": "farmhouse_c"}
{"ctxid": 0, "pos": [-3363.752, 748.625, 366.915], "rotationMatrix": [0.551677, -0.834058, 0.0, 0.834058, 0.551677, 0.0, 0.0, 0.0, 1.0], "scale": 1.0, "type": "farmhouse_c"}
{"ctxid": 0, "pos": [-3530.315, 440.383, 316.872], "rotationMatrix": [0.819057, -0.573711, 0.0, 0.573711, 0.819057, 0.0, 0.0, 0.0, 1.0], "scale": 1.0, "type": "farmhouse_c"}
{"ctxid": 0, "pos": [-3302.881, 542.341, 316.872], "rotationMatrix": [-0.680523, -0.732727, 0.0, 0.732727, -0.680523, 0.0, 0.0, 0.0, 1.0], "scale": 1.0, "type": "farmhouse_c"}
{"ctxid": 0, "pos": [2091.625, -3519.057, 218.438], "rotationMatrix": [-0.421721, -0.906726, 0.0, 0.906726, -0.421721, 0.0, 0.0, 0.0, 1.0], "scale": 1.0, "type": "farmhouse_c"}
{"ctxid": 0, "pos": [-16.789, -1139.775, 7.341], "rotationMatrix": [0.934082, -0.357058, 0.0, 0.357058, 0.934082, 0.0, 0.0, 0.0, 1.0], "scale": 1.0, "type": "farmhouse_c"}
{"ctxid": 0, "pos": [-479.575, 3217.117, 363.975], "rotationMatrix": [-0.470548, -0.882375, 0.0, 0.882375, -0.470548, 0.0, 0.0, 0.0, 1.0], "scale": 1.0, "type": "farmhouse_c"}
{"ctxid": 0, "pos": [-475.289, 3342.935, 363.975], "rotationMatrix": [-0.999972, -0.007438, 0.0, 0.007438, -0.999972, 0.0, 0.0, 0.0, 1.0], "scale": 1.0, "type": "farmhouse_c"}
{"ctxid": 0, "pos": [-724.228, 3363.053, 364.604], "rotationMatrix": [-0.939894, -0.341466, 0.0, 0.341466, -0.939894, 0.0, 0.0, 0.0, 1.0], "scale": 1.0, "type": "farmhouse_c"}
{"ctxid": 0, "pos": [-854.503, 3292.707, 364.954], "rotationMatrix": [-0.988027, -0.154284, 0.0, 0.154284, -0.988027, 0.0, 0.0, 0.0, 1.0], "scale": 1.0, "type": "farmhouse_c"}
{"ctxid": 0, "pos": [-811.254, 3270.979, 364.604], "rotationMatrix": [-0.517742, -0.855537, 0.0, 0.855537, -0.517742, 0.0, 0.0, 0.0, 1.0], "scale": 1.0, "type": "farmhouse_c"}
{"ctxid": 0, "pos": [-827.597, 3317.449, 364.954], "rotationMatrix": [-0.078901, -0.996882, 0.0, 0.996882, -0.078901, 0.0, 0.0, 0.0, 1.0], "scale": 1.0, "type": "farmhouse_c"}
{"ctxid": 0, "pos": [-834.368, 3432.133, 365.289], "rotationMatrix": [0.224815, -0.974401, 0.0, 0.974401, 0.224815, 0.0, 0.0, 0.0, 1.0], "scale": 1.0, "type": "farmhouse_c"}
{"ctxid": 0, "pos": [-610.135, 3283.475, 363.99], "rotationMatrix": [0.675364, -0.737484, 0.0, 0.737484, 0.675364, 0.0, 0.0, 0.0, 1.0], "scale": 1.0, "type": "farmhouse_c"}
{"ctxid": 0, "pos": [-685.498, 3325.6, 363.99], "rotationMatrix": [-0.276351, -0.961057, 0.0, 0.961057, -0.276351, 0.0, 0.0, 0.0, 1.0], "scale": 1.0, "type": "farmhouse_c"}
{"ctxid": 0, "pos": [-593.688, 3396.174, 363.99], "rotationMatrix": [-0.141768, -0.9899, 0.0, 0.9899, -0.141768, 0.0, 0.0, 0.0, 1.0], "scale": 1.0, "type": "farmhouse_c"}
{"ctxid": 0, "pos": [-838.546, 3239.987, 364.604], "rotationMatrix": [0.989526, -0.144356, 0.0, 0.144356, 0.989526, 0.0, 0.0, 0.0, 1.0], "scale": 1.0, "type": "farmhouse_c"}
{"ctxid": 0, "pos": [-1173.392, 3690.779, 382.351], "rotationMatrix": [0.996357, -0.085284, 0.0, 0.085284, 0.996357, 0.0, 0.0, 0.0, 1.0], "scale": 1.0, "type": "farmhouse_c"}
{"ctxid": 0, "pos": [-1205.31, 3699.651, 384.277], "rotationMatrix": [-0.900329, -0.435209, 0.0, 0.435209, -0.900329, 0.0, 0.0, 0.0, 1.0], "scale": 1.0, "type": "farmhouse_c"}
{"ctxid": 0, "pos": [-731.518, 3120.517, 363.975], "rotationMatrix": [-0.649284, -0.760546, 0.0, 0.760546, -0.649284, 0.0, 0.0, 0.0, 1.0], "scale": 1.0, "type": "farmhouse_c"}
{"ctxid": 0, "pos": [-643.173, 3193.318, 363.975], "rotationMatrix": [-0.89064, -0.454708, 0.0, 0.454708, -0.89064, 0.0, 0.0, 0.0, 1.0], "scale": 1.0, "type": "farmhouse_c"}
{"ctxid": 0, "pos": [-658.337, 3219.485, 363.99], "rotationMatrix": [0.995512, -0.09463, 0.0, 0.09463, 0.995512, 0.0, 0.0, 0.0, 1.0], "scale": 1.0, "type": "farmhouse_c"}
{"ctxid": 0, "pos": [-542.895, 3410.026, 363.99], "rotationMatrix": [-0.500722, -0.865608, 0.0, 0.865608, -0.500722, 0.0, 0.0, 0.0, 1.0], "scale": 1.0, "type": "farmhouse_c"}
{"ctxid": 0, "pos": [-573.891, 3314.071, 363.99], "rotationMatrix": [-0.202951, -0.979189, 0.0, 0.979189, -0.202951, 0.0, 0.0, 0.0, 1.0], "scale": 1.0, "type": "farmhouse_c"}
{"ctxid": 0, "pos": [-245.262, 3717.734, 364.604], "rotationMatrix": [0.99445, -0.105214, 0.0, 0.105214, 0.99445, 0.0, 0.0, 0.0, 1.0], "scale": 1.0, "type": "farmhouse_c"}
{"ctxid": 0, "pos": [540.445, -58.306, 53.49], "rotationMatrix": [-0.843714, -0.536792, 0.0, 0.536792, -0.843714, 0.0, 0.0, 0.0, 1.0], "scale": 1.0, "type": "farmhouse_c"}
{"ctxid": 0, "pos": [647.653, 244.835, 37.187], "rotationMatrix": [-0.567746, -0.823204, 0.0, 0.823204, -0.567746, 0.0, 0.0, 0.0, 1.0], "scale": 1.0, "type": "farmhouse_c"}
{"ctxid": 0, "pos": [937.295, 292.968, 73.328], "rotationMatrix": [-0.989486, -0.144629, 0.0, 0.144629, -0.989486, 0.0, 0.0, 0.0, 1.0], "scale": 1.0, "type": "farmhouse_c"}
{"ctxid": 0, "pos": [951.189, 258.596, 73.328], "rotationMatrix": [0.795268, -0.606258, 0.0, 0.606258, 0.795268, 0.0, 0.0, 0.0, 1.0], "scale": 1.0, "type": "farmhouse_c"}
{"ctxid": 0, "pos": [944.789, 211.577, 71.303], "rotationMatrix": [-0.992471, -0.122476, 0.0, 0.122476, -0.992471, 0.0, 0.0, 0.0, 1.0], "scale": 1.0, "type": "farmhouse_c"}
{"ctxid": 0, "pos": [877.182, 5124.85, 364.954], "rotationMatrix": [-0.181149, -0.983456, 0.0, 0.983456, -0.181149, 0.0, 0.0, 0.0, 1.0], "scale": 1.0, "type": "farmhouse_c"}
{"ctxid": 0, "pos": [-307.411, 895.908, 184.328], "rotationMatrix": [0.798217, -0.60237, 0.0, 0.60237, 0.798217, 0.0, 0.0, 0.0, 1.0], "scale": 1.0, "type": "farmhouse_c"}
{"ctxid": 0, "pos": [-1134.02, 2439.281, 364.89], "rotationMatrix": [0.502488, -0.864584, 0.0, 0.864584, 0.502488, 0.0, 0.0, 0.0, 1.0], "scale": 1.0, "type": "farmhouse_c"}
{"ctxid": 0, "pos": [-616.688, 3243.702, 363.99], "rotationMatrix": [0.542635, -0.839969, 0.0, 0.839969, 0.542635, 0.0, 0.0, 0.0, 1.0], "scale": 1.0, "type": "farmhouse_c"}
{"ctxid": 0, "pos": [-869.117, 3268.215, 364.604], "rotationMatrix": [0.87917, -0.476509, 0.0, 0.476509, 0.87917, 0.0, 0.0, 0.0, 1.0], "scale": 1.0, "type": "farmhouse_c"}
{"ctxid": 0, "pos": [-764.856, 3213.592, 363.99], "rotationMatrix": [0.9201, -0.391683, 0.0, 0.391683, 0.9201, 0.0, 0.0, 0.0, 1.0], "scale": 1.0, "type": "farmhouse_c"}
{"ctxid": 0, "pos": [-847.271, 3153.078, 363.99], "rotationMatrix": [0.602192, -0.798351, 0.0, 0.798351, 0.602192, 0.0, 0.0, 0.0, 1.0], "scale": 1.0, "type": "farmhouse_c"}
{"ctxid": 0, "pos": [-721.894, 2594.401, 364.89], "rotationMatrix": [-0.747365, -0.664414, 0.0, 0.664414, -0.747365, 0.0, 0.0, 0.0, 1.0], "scale": 1.0, "type": "farmhouse_c"}
