{"ctxid": 0, "pos": [2284.498, 323.776, 71.303], "rotationMatrix": [0.892801, -0.450451, 0.0, 0.450451, 0.892801, 0.0, 0.0, 0.0, 1.0], "scale": 1.0, "type": "ind_bld_12x10"}
{"ctxid": 0, "pos": [-3377.179, 804.328, 366.915], "rotationMatrix": [-0.900847, -0.434136, 0.0, 0.434136, -0.900847, 0.0, 0.0, 0.0, 1.0], "scale": 1.0, "type": "ind_bld_12x10"}
{"ctxid": 0, "pos": [-3279.65, 789.913, 366.915], "rotationMatrix": [0.998727, -0.050452, 0.0, 0.050452, 0.998727, 0.0, 0.0, 0.0, 1.0], "scale": 1.0, "type": "ind_bld_12x10"}
{"ctxid": 0, "pos": [-3187.184, 752.118, 316.872], "rotationMatrix": [0.140429, -0.990091, 0.0, 0.990091, 0.140429, 0.0, 0.0, 0.0, 1.0], "scale": 1.0, "type": "ind_bld_12x10"}
{"ctxid": 0, "pos": [-3384.355, 773.348, 366.915], "rotationMatrix": [-0.997631, -0.068798, 0.0, 0.068798, -0.997631, 0.0, 0.0, 0.0, 1.0], "scale": 1.0, "type": "ind_bld_12x10"}
{"ctxid": 0, "pos": [-3582.896, 333.371, 316.872], "rotationMatrix": [0.68478, -0.72875, 0.0, 0.72875, 0.68478, 0.0, 0.0, 0.0, 1.0], "scale": 1.0, "type": "ind_bld_12x10"}
{"ctxid": 0, "pos": [-2467.496, 1125.667, 319.36], "rotationMatrix": [-0.962585, -0.270978, 0.0, 0.270978, -0.962585, 0.0, 0.0, 0.0, 1.0], "scale": 1.0, "type": "ind_bld_12x10"}
{"ctxid": 0, "pos": [-2928.144, 1050.959, 366.915], "rotationMatrix": [-0.692675, -0.72125, 0.0, 0.72125, -0.692675, 0.0, 0.0, 0.0, 1.0], "scale": 1.0, "type": "ind_bld_12x10"}
{"ctxid": 0, "pos": [-3289.599, 695.527, 316.872], "rotationMatrix": [-0.73182, -0.681498, 0.0, 0.681498, -0.73182, 0.0, 0.0, 0.0, 1.0], "scale": 1.0, "type": "ind_bld_12x10"}
{"ctxid": 0, "pos": [-3134.852, 1636.706, 368.478], "rotationMatrix": [-0.062752, -0.998029, 0.0, 0.998029, -0.062752, 0.0, 0.0, 0.0, 1.0], "scale": 1.0, "type": "ind_bld_12x10"}
{"ctxid": 0, "pos": [3677.912, -4743.666, 67.681], "rotationMatrix": [-0.780121, -0.625629, 0.0, 0.625629, -0.780121, 0.0, 0.0, 0.0, 1.0], "scale": 1.0, "type": "ind_bld_12x10"}
{"ctxid": 0, "pos": [-718.925, -2311.897, 81.364], "rotationMatrix": [0.774127, -0.633031, 0.0, 0.633031, 0.774127, 0.0, 0.0, 0.0, 1.0], "scale": 1.0, "type": "ind_bld_12x10"}
{"ctxid": 0, "pos": [-1567.89, -2696.061, 58.994], "rotationMatrix": [-0.295985, -0.955193, 0.0, 0.955193, -0.295985, 0.0, 0.0, 0.0, 1.0], "scale": 1.0, "type": "ind_bld_12x10"}
{"ctxid": 0, "pos": [3384.615, -4267.933, 76.692], "rotationMatrix": [-0.566857, -0.823816, 0.0, 0.823816, -0.566857, 0.0, 0.0, 0.0, 1.0], "scale": 1.0, "type": "ind_bld_12x10"}
{"ctxid": 0, "pos": [3799.263, -1786.53, 263.093], "rotationMatrix": [0.940888, -0.338718, 0.0, 0.338718, 0.940888, 0.0, 0.0, 0.0, 1.0], "scale": 1.0, "type": "ind_bld_12x10"}
{"ctxid": 0, "pos": [-836.918, 3417.598, 365.289], "rotationMatrix": [0.104816, -0.994492, 0.0, 0.994492, 0.104816, 0.0, 0.0, 0.0, 1.0], "scale": 1.0, "type": "ind_bld_12x10"}
{"ctxid": 0, "pos": [-667.451, 3345.577, 364.604], "rotationMatrix": [0.492711, -0.870193, 0.0, 0.870193, 0.492711, 0.0, 0.0, 0.0, 1.0], "scale": 1.0, "type": "ind_bld_12x10"}
{"ctxid": 0, "pos": [-595.53, 3414.806, 364.604], "rotationMatrix": [0.822821, -0.5683, 0.0, 0.5683, 0.822821, 0.0, 0.0, 0.0, 1.0], "scale": 1.0, "type": "ind_bld_12x10"}
{"ctxid": 0, "pos": [-871.46, 3232.004, 364.604], "rotationMatrix": [0.618211, -0.786012, 0.0, 0.786012, 0.618211, 0.0, 0.0, 0.0, 1.0], "scale": 1.0, "type": "ind_bld_12x10"}
{"ctxid": 0, "pos": [-857.316, 3221.521, 364.604], "rotationMatrix": [-0.578335, -0.815799, 0.0, 0.815799, -0.578335, 0.0, 0.0, 0.0, 1.0], "scale": 1.0, "type": "ind_bld_12x10"}
{"ctxid": 0, "pos": [-1135.035, 3639.442, 382.351], "rotationMatrix": [0.268413, -0.963304, 0.0, 0.963304, 0.268413, 0.0, 0.0, 0.0, 1.0], "scale": 1.0, "type": "ind_bld_12x10"}
{"ctxid": 0, "pos": [-1450.843, 3546.002, 384.277], "rotationMatrix": [-0.949163, -0.314784, 0.0, 0.314784, -0.949163, 0.0, 0.0, 0.0, 1.0], "scale": 1.0, "type": "ind_bld_12x10"}
{"ctxid": 0, "pos": [-1145.809, 3444.055, 364.198], "rotationMatrix": [0.590553, -0.806999, 0.0, 0.806999, 0.590553, 0.0, 0.0, 0.0, 1.0], "scale": 1.0, "type": "ind_bld_12x10"}
{"ctxid": 0, "pos": [-526.311, 3435.836, 363.99], "rotationMatrix": [-0.765533, -0.643397, 0.0, 0.643397, -0.765533, 0.0, 0.0, 0.0, 1.0], "scale": 1.0, "type": "ind_bld_12x10"}
{"ctxid": 0, "pos": [89.156, 3315.664, 364.425], "rotationMatrix": [-0.958323, -0.285686, 0.0, 0.285686, -0.958323, 0.0, 0.0, 0.0, 1.0], "scale": 1.0, "type": "ind_bld_12x10"}
{"ctxid": 0, "pos": [101.48, 3857.574, 363.99], "rotationMatrix": [0.899692, -0.436525, 0.0, 0.436525, 0.899692, 0.0, 0.0, 0.0, 1.0], "scale": 1.0, "type": "ind_bld_12x10"}
{"ctxid": 0, "pos": [527.231, -317.084, 22.337], "rotationMatrix": [0.873031, -0.487665, 0.0, 0.487665, 0.873031, 0.0, 0.0, 0.0, 1.0], "scale": 1.0, "type": "ind_bld_12x10"}
{"ctxid": 0, "pos": [945.488, 268.773, 73.328], "rotationMatrix": [0.423818, -0.905747, 0.0, 0.905747, 0.423818, 0.0, 0.0, 0.0, 1.0], "scale": 1.0, "type": "ind_bld_12x10"}
{"ctxid": 0, "pos": [-849.255, 3386.547, 364.954], "rotationMatrix": [0.993303, -0.115537, 0.0, 0.115537, 0.993303, 0.0, 0.0, 0.0, 1.0], "scale": 1.0, "type": "ind_bld_12x10"}
{"ctxid": 0, "pos": [-843.702, 3198.23, 364.604], "rotationMatrix": [-0.371055, -0.928611, 0.0, 0.928611, -0.371055, 0.0, 0.0, 0.0, 1.0], "scale": 1.0, "type": "ind_bld_12x10"}
{"ctxid": 0, "pos": [-771.616, 3197.535, 363.99], "rotationMatrix": [-0.499702, -0.866197, 0.0, 0.866197, -0.499702, 0.0, 0.0, 0.0, 1.0], "scale": 1.0, "type": "ind_bld_12x10"}
{"ctxid": 0, "pos": [-856.307, 3181.084, 364.604], "rotationMatrix": [-0.820417, -0.571766, 0.0, 0.571766, -0.820417, 0.0, 0.0, 0.0, 1.0], "scale": 1.0, "type": "ind_bld_12x10"}
