{"ctxid": 0, "pos": [-2622.377, 4512.691, 551.516], "rotationMatrix": [0.262702, -0.964877, 0.0, 0.964877, 0.262702, 0.0, 0.0, 0.0, 1.0], "scale": 1.0, "type": "ind_bld_12x12"}
{"ctxid": 0, "pos": [-3241.88, 765.28, 319.36], "rotationMatrix": [-0.955496, -0.295003, 0.0, 0.295003, -0.955496, 0.0, 0.0, 0.0, 1.0], "scale": 1.0, "type": "ind_bld_12x12"}
{"ctxid": 0, "pos": [-3298.677, 761.972, 366.915], "rotationMatrix": [0.978204, -0.207647, 0.0, 0.207647, 0.978204, 0.0, 0.0, 0.0, 1.0], "scale": 1.0, "type": "ind_bld_12x12"}
{"ctxid": 0, "pos": [-3148.654, 707.963, 316.872], "rotationMatrix": [-0.813706, -0.581276, 0.0, 0.581276, -0.813706, 0.0, 0.0, 0.0, 1.0], "scale": 1.0, "type": "ind_bld_12x12"}
{"ctxid": 0, "pos": [-3154.853, 616.739, 316.872], "rotationMatrix": [0.158167, -0.987412, 0.0, 0.987412, 0.158167, 0.0, 0.0, 0.0, 1.0], "scale": 1.0, "type": "ind_bld_12x12"}
{"ctxid": 0, "pos": [-2974.961, 849.119, 319.36], "rotationMatrix": [0.906639, -0.421908, 0.0, 0.421908, 0.906639, 0.0, 0.0, 0.0, 1.0], "scale": 1.0, "type": "ind_bld_12x12"}
{"ctxid": 0, "pos": [-3005.761, 1039.948, 366.915], "rotationMatrix": [-0.839325, -0.54363, 0.0, 0.54363, -0.839325, 0.0, 0.0, 0.0, 1.0], "scale": 1.0, "type": "ind_bld_12x12"}
{"ctxid": 0, "pos": [-2982.181, 816.066, 316.872], "rotationMatrix": [0.261834, -0.965113, 0.0, 0.965113, 0.261834, 0.0, 0.0, 0.0, 1.0], "scale": 1.0, "type": "ind_bld_12x12"}
{"ctxid": 0, "pos": [-3513.616, 534.227, 316.872], "rotationMatrix": [0.983151, -0.182796, 0.0, 0.182796, 0.983151, 0.0, 0.0, 0.0, 1.0], "scale": 1.0, "type": "ind_bld_12x12"}
{"ctxid": 0, "pos": [-3612.32, 529.903, 316.872], "rotationMatrix": [-0.991781, -0.127946, 0.0, 0.127946, -0.991781, 0.0, 0.0, 0.0, 1.0], "scale": 1.0, "type": "ind_bld_12x12"}
{"ctxid": 0, "pos": [-3294.647, 520.927, 316.872], "rotationMatrix": [0.333487, -0.942755, 0.0, 0.942755, 0.333487, 0.0, 0.0, 0.0, 1.0], "scale": 1.0, "type": "ind_bld_12x12"}
{"ctxid": 0, "pos": [-3290.13, 346.147, 314.62], "rotationMatrix": [-0.189063, -0.981965, 0.0, 0.981965, -0.189063, 0.0, 0.0, 0.0, 1.0], "scale": 1.0, "type": "ind_bld_12x12"}
{"ctxid": 0, "pos": [-2906.263, 958.351, 319.36], "rotationMatrix": [0.98307, -0.183228, 0.0, 0.183228, 0.98307, 0.0, 0.0, 0.0, 1.0], "scale": 1.0, "type": "ind_bld_12x12"}
{"ctxid": 0, "pos": [-3201.018, 724.638, 316.872], "rotationMatrix": [0.52647, -0.850194, 0.0, 0.850194, 0.52647, 0.0, 0.0, 0.0, 1.0], "scale": 1.0, "type": "ind_bld_12x12"}
{"ctxid": 0, "pos": [-3072.214, 1281.925, 366.915], "rotationMatrix": [-0.999292, -0.037629, 0.0, 0.037629, -0.999292, 0.0, 0.0, 0.0, 1.0], "scale": 1.0, "type": "ind_bld_12x12"}
{"ctxid": 0, "pos": [-3008.783, 1124.499, 366.915], "rotationMatrix": [-0.850426, -0.526094, 0.0, 0.526094, -0.850426, 0.0, 0.0, 0.0, 1.0], "scale": 1.0, "type": "ind_bld_12x12"}
{"ctxid": 0, "pos": [-2956.088, 1132.457, 366.915], "rotationMatrix": [-0.717009, -0.697064, 0.0, 0.697064, -0.717009, 0.0, 0.0, 0.0, 1.0], "scale": 1.0, "type": "ind_bld_12x12"}
{"ctxid": 0, "pos": [-2983.079, 904.797, 319.36], "rotationMatrix": [-0.752599, -0.658479, 0.0, 0.658479, -0.752599, 0.0, 0.0, 0.0, 1.0], "scale": 1.0, "type": "ind_bld_12x12"}
{"ctxid": 0, "pos": [-3107.37, 626.392, 316.872], "rotationMatrix": [-0.989518, -0.14441, 0.0, 0.14441, -0.989518, 0.0, 0.0, 0.0, 1.0], "scale": 1.0, "type": "ind_bld_12x12"}
{"ctxid": 0, "pos": [-391.067, 2591.379, 351.543], "rotationMatrix": [-0.891447, -0.453126, 0.0, 0.453126, -0.891447, 0.0, 0.0, 0.0, 1.0], "scale": 1.0, "type": "ind_bld_12x12"}
{"ctxid": 0, "pos": [3821.975, 3537.321, 76.729], "rotationMatrix": [-0.722183, -0.691702, 0.0, 0.691702, -0.722183, 0.0, 0.0, 0.0, 1.0], "scale": 1.0, "type": "ind_bld_12x12"}
{"ctxid": 0, "pos": [3702.503, 3617.898, 76.729], "rotationMatrix": [0.767312, -0.641275, 0.0, 0.641275, 0.767312, 0.0, 0.0, 0.0, 1.0], "scale": 1.0, "type": "ind_bld_12x12"}
{"ctxid": 0, "pos": [2261.661, -3686.84, 210.508], "rotationMatrix": [0.359017, -0.933331, 0.0, 0.933331, 0.359017, 0.0, 0.0, 0.0, 1.0], "scale": 1.0, "type": "ind_bld_12x12"}
{"ctxid": 0, "pos": [2081.744, -3492.021, 235.635], "rotationMatrix": [-0.517226, -0.855849, 0.0, 0.855849, -0.517226, 0.0, 0.0, 0.0, 1.0], "scale": 1.0, "type": "ind_bld_12x12"}
{"ctxid": 0, "pos": [2134.395, -3596.669, 210.716], "rotationMatrix": [-0.206563, -0.978433, 0.0, 0.978433, -0.206563, 0.0, 0.0, 0.0, 1.0], "scale": 1.0, "type": "ind_bld_12x12"}
{"ctxid": 0, "pos": [2279.037, -3568.235, 206.198], "rotationMatrix": [0.779511, -0.626389, 0.0, 0.626389, 0.779511, 0.0, 0.0, 0.0, 1.0], "scale": 1.0, "type": "ind_bld_12x12"}
{"ctxid": 0, "pos": [2375.484, -3520.829, 188.341], "rotationMatrix": [-0.668809, -0.743435, 0.0, 0.743435, -0.668809, 0.0, 0.0, 0.0, 1.0], "scale": 1.0, "type": "ind_bld_12x12"}
{"ctxid": 0, "pos": [2397.044, -3547.281, 186.649], "rotationMatrix": [-0.999116, -0.042046, 0.0, 0.042046, -0.999116, 0.0, 0.0, 0.0, 1.0], "scale": 1.0, "type": "ind_bld_12x12"}
{"ctxid": 0, "pos": [1259.393, -3015.921, 245.87], "rotationMatrix": [-0.202586, -0.979264, 0.0, 0.979264, -0.202586, 0.0, 0.0, 0.0, 1.0], "scale": 1.0, "type": "ind_bld_12x12"}
{"ctxid": 0, "pos": [650.894, -260.076, 22.741], "rotationMatrix": [0.303888, -0.952708, 0.0, 0.952708, 0.303888, 0.0, 0.0, 0.0, 1.0], "scale": 1.0, "type": "ind_bld_12x12"}
{"ctxid": 0, "pos": [405.945, -373.961, 18.889], "rotationMatrix": [0.222798, -0.974865, 0.0, 0.974865, 0.222798, 0.0, 0.0, 0.0, 1.0], "scale": 1.0, "type": "ind_bld_12x12"}
{"ctxid": 0, "pos": [435.222, -355.435, 16.727], "rotationMatrix": [0.856015, -0.516951, 0.0, 0.516951, 0.856015, 0.0, 0.0, 0.0, 1.0], "scale": 1.0, "type": "ind_bld_12x12"}
{"ctxid": 0, "pos": [523.087, -260.363, 26.912], "rotationMatrix": [0.988071, -0.154002, 0.0, 0.154002, 0.988071, 0.0, 0.0, 0.0, 1.0], "scale": 1.0, "type": "ind_bld_12x12"}
{"ctxid": 0, "pos": [567.841, -247.897, 31.816], "rotationMatrix": [-0.991113, -0.133022, 0.0, 0.133022, -0.991113, 0.0, 0.0, 0.0, 1.0], "scale": 1.0, "type": "ind_bld_12x12"}
{"ctxid": 0, "pos": [600.495, -234.072, 31.465], "rotationMatrix": [0.92241, -0.386213, 0.0, 0.386213, 0.92241, 0.0, 0.0, 0.0, 1.0], "scale": 1.0, "type": "ind_bld_12x12"}
{"ctxid": 0, "pos": [-27.432, -1152.015, 7.341], "rotationMatrix": [0.241555, -0.970387, 0.0, 0.970387, 0.241555, 0.0, 0.0, 0.0, 1.0], "scale": 1.0, "type": "ind_bld_12x12"}
{"ctxid": 0, "pos": [-762.563, -2402.973, 83.249], "rotationMatrix": [-0.488071, -0.872804, 0.0, 0.872804, -0.488071, 0.0, 0.0, 0.0, 1.0], "scale": 1.0, "type": "ind_bld_12x12"}
{"ctxid": 0, "pos": [-760.058, -2395.115, 83.249], "rotationMatrix": [-0.528564, -0.848894, 0.0, 0.848894, -0.528564, 0.0, 0.0, 0.0, 1.0], "scale": 1.0, "type": "ind_bld_12x12"}
{"ctxid": 0, "pos": [-676.274, -2230.739, 61.054], "rotationMatrix": [0.91111, -0.412164, 0.0, 0.412164, 0.91111, 0.0, 0.0, 0.0, 1.0], "scale": 1.0, "type": "ind_bld_12x12"}
{"ctxid": 0, "pos": [-1589.913, -2708.397, 57.157], "rotationMatrix": [0.627601, -0.778536, 0.0, 0.778536, 0.627601, 0.0, 0.0, 0.0, 1.0], "scale": 1.0, "type": "ind_bld_12x12"}
{"ctxid": 0, "pos": [3363.932, -4306.277, 76.008], "rotationMatrix": [0.899773, -0.436359, 0.0, 0.436359, 0.899773, 0.0, 0.0, 0.0, 1.0], "scale": 1.0, "type": "ind_bld_12x12"}
{"ctxid": 0, "pos": [3824.878, -4469.279, 76.014], "rotationMatrix": [-0.870464, -0.492233, 0.0, 0.492233, -0.870464, 0.0, 0.0, 0.0, 1.0], "scale": 1.0, "type": "ind_bld_12x12"}
{"ctxid": 0, "pos": [3408.384, -4349.325, 74.518], "rotationMatrix": [0.513741, -0.857946, 0.0, 0.857946, 0.513741, 0.0, 0.0, 0.0, 1.0], "scale": 1.0, "type": "ind_bld_12x12"}
{"ctxid": 0, "pos": [3895.926, -4550.441, 70.808], "rotationMatrix": [-0.757018, -0.653394, 0.0, 0.653394, -0.757018, 0.0, 0.0, 0.0, 1.0], "scale": 1.0, "type": "ind_bld_12x12"}
{"ctxid": 0, "pos": [3946.004, -4579.401, 70.808], "rotationMatrix": [-0.984602, -0.17481, 0.0, 0.17481, -0.984602, 0.0, 0.0, 0.0, 1.0], "scale": 1.0, "type": "ind_bld_12x12"}
{"ctxid": 0, "pos": [3181.563, -3968.192, 88.825],