{"ctxid": 0, "pos": [-3416.714, 544.445, 316.922], "rotationMatrix": [0.305916, 0.952058, 0.0, -0.952058, 0.305916, 0.0, 0.0, 0.0, 1.0], "scale": 1.059, "type": "italy_rockface_small_3"}
{"ctxid": 0, "pos": [-3380.201, 575.472, 316.922], "rotationMatrix": [-0.818929, 0.573895, 0.0, -0.573895, -0.818929, 0.0, 0.0, 0.0, 1.0], "scale": 1.137, "type": "italy_rockface_small_3"}
{"ctxid": 0, "pos": [-3140.914, 639.826, 316.922], "rotationMatrix": [0.864298, -0.50298, 0.0, 0.50298, 0.864298, 0.0, 0.0, 0.0, 1.0], "scale": 1.014, "type": "italy_rockface_small_3"}
{"ctxid": 0, "pos": [-2962.767, 523.367, 314.67], "rotationMatrix": [0.810363, -0.585928, 0.0, 0.585928, 0.810363, 0.0, 0.0, 0.0, 1.0], "scale": 0.978, "type": "italy_rockface_small_3"}
{"ctxid": 0, "pos": [-2850.497, 373.906, 314.67], "rotationMatrix": [0.986686, 0.162637, 0.0, -0.162637, 0.986686, 0.0, 0.0, 0.0, 1.0], "scale": 0.916, "type": "italy_rockface_small_3"}
{"ctxid": 0, "pos": [-2856.044, 746.221, 316.922], "rotationMatrix": [0.665927, -0.746017, 0.0, 0.746017, 0.665927, 0.0, 0.0, 0.0, 1.0], "scale": 1.069, "type": "italy_rockface_small_3"}
{"ctxid": 0, "pos": [-3457.169, 537.667, 316.922], "rotationMatrix": [0.999984, 0.005686, 0.0, -0.005686, 0.999984, 0.0, 0.0, 0.0, 1.0], "scale": 0.737, "type": "italy_rockface_small_3"}
{"ctxid": 0, "pos": [-3762.991, 473.489, 316.922], "rotationMatrix": [-0.607148, 0.794589, 0.0, -0.794589, -0.607148, 0.0, 0.0, 0.0, 1.0], "scale": 1.169, "type": "italy_rockface_small_3"}
{"ctxid": 0, "pos": [-3791.118, 547.887, 366.965], "rotationMatrix": [-0.679034, -0.734107, 0.0, 0.734107, -0.679034, 0.0, 0.0, 0.0, 1.0], "scale": 0.773, "type": "italy_rockface_small_3"}
{"ctxid": 0, "pos": [-3364.852, 342.816, 314.67], "rotationMatrix": [0.58583, -0.810434, 0.0, 0.810434, 0.58583, 0.0, 0.0, 0.0, 1.0], "scale": 1.097, "type": "italy_rockface_small_3"}
{"ctxid": 0, "pos": [-3821.468, 773.461, 366.965], "rotationMatrix": [-0.428083, 0.90374, 0.0, -0.90374, -0.428083, 0.0, 0.0, 0.0, 1.0], "scale": 1.167, "type": "italy_rockface_small_3"}
{"ctxid": 0, "pos": [-3626.88, 554.668, 316.922], "rotationMatrix": [-0.830394, 0.557177, 0.0, -0.557177, -0.830394, 0.0, 0.0, 0.0, 1.0], "scale": 1.232, "type": "italy_rockface_small_3"}
{"ctxid": 0, "pos": [-3634.74, 727.638, 366.965], "rotationMatrix": [-0.056293, -0.998414, 0.0, 0.998414, -0.056293, 0.0, 0.0, 0.0, 1.0], "scale": 0.884, "type": "italy_rockface_small_3"}
{"ctxid": 0, "pos": [-3215.467, 456.572, 316.922], "rotationMatrix": [0.097875, 0.995199, 0.0, -0.995199, 0.097875, 0.0, 0.0, 0.0, 1.0], "scale": 0.888, "type": "italy_rockface_small_3"}
{"ctxid": 0, "pos": [-3200.095, 409.726, 314.67], "rotationMatrix": [-0.167631, -0.98585, 0.0, 0.98585, -0.167631, 0.0, 0.0, 0.0, 1.0], "scale": 0.906, "type": "italy_rockface_small_3"}
{"ctxid": 0, "pos": [-3048.286, -178.947, 312.696], "rotationMatrix": [-0.603453, 0.797399, 0.0, -0.797399, -0.603453, 0.0, 0.0, 0.0, 1.0], "scale": 1.155, "type": "italy_rockface_small_3"}
{"ctxid": 0, "pos": [-3056.552, -102.547, 312.696], "rotationMatrix": [-0.338857, -0.940838, 0.0, 0.940838, -0.338857, 0.0, 0.0, 0.0, 1.0], "scale": 1.147, "type": "italy_rockface_small_3"}
{"ctxid": 0, "pos": [-3898.259, 739.915, 366.965], "rotationMatrix": [-0.815541, 0.578699, 0.0, -0.578699, -0.815541, 0.0, 0.0, 0.0, 1.0], "scale": 1.152, "type": "italy_rockface_small_3"}
{"ctxid": 0, "pos": [-309.474, -5037.095, 243.584], "rotationMatrix": [0.178596, -0.983922, 0.0, 0.983922, 0.178596, 0.0, 0.0, 0.0, 1.0], "scale": 0.837, "type": "italy_rockface_small_3"}
{"ctxid": 0, "pos": [-309.762, -4984.216, 243.584], "rotationMatrix": [-0.812944, 0.582342, 0.0, -0.582342, -0.812944, 0.0, 0.0, 0.0, 1.0], "scale": 1.206, "type": "italy_rockface_small_3"}
{"ctxid": 0, "pos": [-308.641, -4912.409, 243.584], "rotationMatrix": [-0.052182, 0.998638, 0.0, -0.998638, -0.052182, 0.0, 0.0, 0.0, 1.0], "scale": 0.75, "type": "italy_rockface_small_3"}
{"ctxid": 0, "pos": [-228.04, -5117.353, 243.584], "rotationMatrix": [0.32499, -0.945717, 0.0, 0.945717, 0.32499, 0.0, 0.0, 0.0, 1.0], "scale": 1.248, "type": "italy_rockface_small_3"}
{"ctxid": 0, "pos": [-148.54, -4906.572, 243.584], "rotationMatrix": [0.160352, -0.98706, 0.0, 0.98706, 0.160352, 0.0, 0.0, 0.0, 1.0], "scale": 1.031, "type": "italy_rockface_small_3"}
{"ctxid": 0, "pos": [-77.916, -4925.15, 243.584], "rotationMatrix": [0.654427, 0.756126, 0.0, -0.756126, 0.654427, 0.0, 0.0, 0.0, 1.0], "scale": 0.727, "type": "italy_rockface_small_3"}
{"ctxid": 0, "pos": [-2064.39, -5098.501, 96.006], "rotationMatrix": [-0.326775, -0.945102, 0.0, 0.945102, -0.326775, 0.0, 0.0, 0.0, 1.0], "scale": 1.221, "type": "italy_rockface_small_3"}
{"ctxid": 0, "pos": [-2018.264, -4934.542, 96.006], "rotationMatrix": [-0.973104, -0.230367, 0.0, 0.230367, -0.973104, 0.0, 0.0, 0.0, 1.0], "scale": 0.796, "type": "italy_rockface_small_3"}
{"ctxid": 0, "pos": [-1932.19, -4883.012, 96.006], "rotationMatrix": [-0.424407, 0.905472, 0.0, -0.905472, -0.424407, 0.0, 0.0, 0.0, 1.0], "scale": 0.799, "type": "italy_rockface_small_3"}
{"ctxid": 0, "pos": [-1816.616, -5065.421, 245.689], "rotationMatrix": [-0.914313, -0.405008, 0.0, 0.405008, -0.914313, 0.0, 0.0, 0.0, 1.0], "scale": 1.22, "type": "italy_rockface_small_3"}
{"ctxid": 0, "pos": [-1836.247, -5018.923, 245.689], "rotationMatrix": [0.879199, 0.476454, 0.0, -0.476454, 0.879199, 0.0, 0.0, 0.0, 1.0], "scale": 1.163, "type": "italy_rockface_small_3"}
{"ctxid": 0, "pos": [-1838.567, -4872.337, 96.006], "rotationMatrix": [-0.002319, 0.999997, 0.0, -0.999997, -0.002319, 0.0, 0.0, 0.0, 1.0], "scale": 1.203, "type": "italy_rockface_small_3"}
{"ctxid": 0, "pos": [-1226.322, 2928.894, 364.654], "rotationMatrix": [0.931142, -0.364657, 0.0, 0.364657, 0.931142, 0.0, 0.0, 0.0, 1.0], "scale": 0.918, "type": "italy_rockface_small_3"}
{"ctxid": 0, "pos": [-1211.094, 3048.572, 365.339], "rotationMatrix": [0.910834, 0.412772, 0.0, -0.412772, 0.910834, 0.0, 0.0, 0.0, 1.0], "scale": 1.269, "type": "italy_rockface_small_3"}
{"ctxid": 0, "pos": [-1162.71, 2980.555, 364.654], "rotationMatrix": [0.660999, -0.750387, 0.0, 0.750387, 0.660999, 0.0, 0.0, 0.0, 1.0], "scale": 0.966, "type": "italy_rockface_small_3"}
{"ctxid": 0, "pos": [-1096.48, 3062.88, 365.004], "rotationMatrix": [-0.934117, -0.356968, 0.0, 0.356968, -0.934117, 0.0, 0.0, 0.0, 1.0], "scale": 0.933, "type": "italy_rockface_small_3"}
{"ctxid": 0, "pos": [-1009.595, 3001.942, 364.04], "rotationMatrix": [-0.118402, -0.992966, 0.0, 0.992966, -0.118402, 0.0, 0.0, 0.0, 1.0], "scale": 0.994, "type": "italy_rockface_small_3"}
{"ctxid": 0, "pos": [-1219.648, 3482.079, 382.401], "rotationMatrix": [0.29432, -0.955707, 0.0, 0.955707, 0.29432, 0.0, 0.0, 0.0, 1.0], "scale": 1.149, "type": "italy_rockface_small_3"}
{"ctxid": 0, "pos": [-1189.926, 3521.386, 382.401], "rotationMatrix": [0.985057, 0.172226, 0.0, -0.172226, 0.985057, 0.0, 0.0, 0.0, 1.0], "scale": 0.985, "type": "italy_rockface_small_3"}
{"ctxid": 0, "pos": [-1123.17, 3541.689, 382.401], "rotationMatrix": [0.704258, 0.709944, 0.0, -0.709944, 0.704258, 0.0, 0.0, 0.0, 1.0], "scale": 1.175, "type": "italy_rockface_small_3"}
{"ctxid": 0, "pos": [-1107.369, 3667.411, 382.401], "rotationMatrix": [-0.88965, 0.456643, 0.0, -0.456643, -0.88965, 0.0, 0.0, 0.0, 1.0], "scale": 0.984, "type": "italy_rockface_small_3"}
{"ctxid": 0, "pos": [-1069.933, 3617.948, 382.401], "rotationMatrix": [-0.995545, 0.094289, 0.0, -0.094289, -0.995545, 0.0, 0.0, 0.0, 1.0], "scale": 1.11, "type": "italy_rockface_small_3"}
{"ctxid": 0, "pos": [-946.451, 3415.481, 366.011], "rotationMatrix": [-0.828828, -0.559503, 0.0, 0.559503, -0.828828, 0.0, 0.0, 0.0, 1.0], "scale": 0.836, "type": "italy_rockface_small_3"}
{"ctxid": 0, "pos": [-124.385, 1988.633, 229.882], "rotationMatrix": [-0.474948, -0.880014, 0.0, 0.880014, -0.474948, 0.0, 0.0, 0.0, 1.0], "scale": 0.862, "type": "italy_rockface_small_3"}
{"ctxid": 0, "pos": [-49.046, 2149.242, 229.882],