{"ctxid": 0, "pos": [-2886.835, 1011.895, 366.965], "rotationMatrix": [-0.017328, 0.99985, 0.0, -0.99985, -0.017328, 0.0, 0.0, 0.0, 1.0], "scale": 1.19, "type": "italy_rockface_small_2"}
{"ctxid": 0, "pos": [-2783.809, 1052.548, 365.539], "rotationMatrix": [0.314341, -0.94931, 0.0, 0.94931, 0.314341, 0.0, 0.0, 0.0, 1.0], "scale": 1.264, "type": "italy_rockface_small_2"}
{"ctxid": 0, "pos": [-2688.476, 1138.088, 365.539], "rotationMatrix": [-0.842776, -0.538264, 0.0, 0.538264, -0.842776, 0.0, 0.0, 0.0, 1.0], "scale": 1.194, "type": "italy_rockface_small_2"}
{"ctxid": 0, "pos": [-2650.082, 1132.186, 365.539], "rotationMatrix": [-0.648558, -0.761165, 0.0, 0.761165, -0.648558, 0.0, 0.0, 0.0, 1.0], "scale": 0.976, "type": "italy_rockface_small_2"}
{"ctxid": 0, "pos": [-3373.705, 557.436, 316.922], "rotationMatrix": [-0.97802, -0.208511, 0.0, 0.208511, -0.97802, 0.0, 0.0, 0.0, 1.0], "scale": 0.979, "type": "italy_rockface_small_2"}
{"ctxid": 0, "pos": [-3168.366, 417.158, 314.67], "rotationMatrix": [-0.050216, 0.998738, 0.0, -0.998738, -0.050216, 0.0, 0.0, 0.0, 1.0], "scale": 1.298, "type": "italy_rockface_small_2"}
{"ctxid": 0, "pos": [-3114.465, 582.854, 316.922], "rotationMatrix": [-0.999153, -0.041155, 0.0, 0.041155, -0.999153, 0.0, 0.0, 0.0, 1.0], "scale": 0.903, "type": "italy_rockface_small_2"}
{"ctxid": 0, "pos": [-3054.624, 441.85, 314.67], "rotationMatrix": [0.550783, -0.834648, 0.0, 0.834648, 0.550783, 0.0, 0.0, 0.0, 1.0], "scale": 1.156, "type": "italy_rockface_small_2"}
{"ctxid": 0, "pos": [-2961.223, 126.643, 312.696], "rotationMatrix": [-0.488327, 0.872661, 0.0, -0.872661, -0.488327, 0.0, 0.0, 0.0, 1.0], "scale": 0.77, "type": "italy_rockface_small_2"}
{"ctxid": 0, "pos": [-2863.139, 263.467, 312.696], "rotationMatrix": [0.777209, 0.629243, 0.0, -0.629243, 0.777209, 0.0, 0.0, 0.0, 1.0], "scale": 0.715, "type": "italy_rockface_small_2"}
{"ctxid": 0, "pos": [-2720.476, 317.937, 312.696], "rotationMatrix": [-0.828025, 0.560691, 0.0, -0.560691, -0.828025, 0.0, 0.0, 0.0, 1.0], "scale": 1.096, "type": "italy_rockface_small_2"}
{"ctxid": 0, "pos": [-2879.048, 772.492, 316.922], "rotationMatrix": [0.998704, 0.050894, 0.0, -0.050894, 0.998704, 0.0, 0.0, 0.0, 1.0], "scale": 0.848, "type": "italy_rockface_small_2"}
{"ctxid": 0, "pos": [-2858.183, 813.303, 316.922], "rotationMatrix": [0.97103, -0.238959, 0.0, 0.238959, 0.97103, 0.0, 0.0, 0.0, 1.0], "scale": 1.204, "type": "italy_rockface_small_2"}
{"ctxid": 0, "pos": [-2825.851, 842.907, 316.922], "rotationMatrix": [-0.153183, 0.988198, 0.0, -0.988198, -0.153183, 0.0, 0.0, 0.0, 1.0], "scale": 1.055, "type": "italy_rockface_small_2"}
{"ctxid": 0, "pos": [-2754.077, 765.356, 316.922], "rotationMatrix": [0.945799, -0.324752, 0.0, 0.324752, 0.945799, 0.0, 0.0, 0.0, 1.0], "scale": 1.087, "type": "italy_rockface_small_2"}
{"ctxid": 0, "pos": [-3278.595, 637.404, 316.922], "rotationMatrix": [-0.680971, -0.73231, 0.0, 0.73231, -0.680971, 0.0, 0.0, 0.0, 1.0], "scale": 1.221, "type": "italy_rockface_small_2"}
{"ctxid": 0, "pos": [-3279.648, 654.739, 316.922], "rotationMatrix": [0.993689, 0.11217, 0.0, -0.11217, 0.993689, 0.0, 0.0, 0.0, 1.0], "scale": 1.141, "type": "italy_rockface_small_2"}
{"ctxid": 0, "pos": [-3381.876, 479.414, 316.922], "rotationMatrix": [0.800437, 0.599416, 0.0, -0.599416, 0.800437, 0.0, 0.0, 0.0, 1.0], "scale": 1.247, "type": "italy_rockface_small_2"}
{"ctxid": 0, "pos": [-3385.65, 528.026, 316.922], "rotationMatrix": [0.975047, 0.221998, 0.0, -0.221998, 0.975047, 0.0, 0.0, 0.0, 1.0], "scale": 1.231, "type": "italy_rockface_small_2"}
{"ctxid": 0, "pos": [-3543.4, 622.856, 366.965], "rotationMatrix": [-0.326032, 0.945359, 0.0, -0.945359, -0.326032, 0.0, 0.0, 0.0, 1.0], "scale": 0.744, "type": "italy_rockface_small_2"}
{"ctxid": 0, "pos": [-3822.45, 611.359, 366.965], "rotationMatrix": [0.388517, 0.921442, 0.0, -0.921442, 0.388517, 0.0, 0.0, 0.0, 1.0], "scale": 1.015, "type": "italy_rockface_small_2"}
{"ctxid": 0, "pos": [-3763.455, 736.824, 366.965], "rotationMatrix": [0.350882, -0.93642, 0.0, 0.93642, 0.350882, 0.0, 0.0, 0.0, 1.0], "scale": 1.27, "type": "italy_rockface_small_2"}
{"ctxid": 0, "pos": [-3608.268, 640.175, 366.965], "rotationMatrix": [0.23847, 0.97115, 0.0, -0.97115, 0.23847, 0.0, 0.0, 0.0, 1.0], "scale": 1.115, "type": "italy_rockface_small_2"}
{"ctxid": 0, "pos": [-3644.84, 741.349, 366.965], "rotationMatrix": [-0.977178, -0.212423, 0.0, 0.212423, -0.977178, 0.0, 0.0, 0.0, 1.0], "scale": 1.191, "type": "italy_rockface_small_2"}
{"ctxid": 0, "pos": [-3168.132, 436.311, 314.67], "rotationMatrix": [-0.786545, -0.617532, 0.0, 0.617532, -0.786545, 0.0, 0.0, 0.0, 1.0], "scale": 1.146, "type": "italy_rockface_small_2"}
{"ctxid": 0, "pos": [-3029.226, -230.139, 312.696], "rotationMatrix": [-0.871932, -0.489626, 0.0, 0.489626, -0.871932, 0.0, 0.0, 0.0, 1.0], "scale": 0.938, "type": "italy_rockface_small_2"}
{"ctxid": 0, "pos": [-3790.677, 843.264, 366.965], "rotationMatrix": [0.999651, -0.026415, 0.0, 0.026415, 0.999651, 0.0, 0.0, 0.0, 1.0], "scale": 1.297, "type": "italy_rockface_small_2"}
{"ctxid": 0, "pos": [-301.614, -4899.133, 243.584], "rotationMatrix": [0.429112, -0.903251, 0.0, 0.903251, 0.429112, 0.0, 0.0, 0.0, 1.0], "scale": 1.269, "type": "italy_rockface_small_2"}
{"ctxid": 0, "pos": [-100.237, -5115.186, 243.584], "rotationMatrix": [-0.170867, 0.985294, 0.0, -0.985294, -0.170867, 0.0, 0.0, 0.0, 1.0], "scale": 1.055, "type": "italy_rockface_small_2"}
{"ctxid": 0, "pos": [-2032.484, -5127.172, 96.006], "rotationMatrix": [-0.919672, 0.392687, 0.0, -0.392687, -0.919672, 0.0, 0.0, 0.0, 1.0], "scale": 0.821, "type": "italy_rockface_small_2"}
{"ctxid": 0, "pos": [-1989.282, -5054.816, 96.006], "rotationMatrix": [0.980533, -0.196354, 0.0, 0.196354, 0.980533, 0.0, 0.0, 0.0, 1.0], "scale": 0.999, "type": "italy_rockface_small_2"}
{"ctxid": 0, "pos": [-1975.067, -5050.829, 96.006], "rotationMatrix": [-0.664743, 0.747072, 0.0, -0.747072, -0.664743, 0.0, 0.0, 0.0, 1.0], "scale": 1.102, "type": "italy_rockface_small_2"}
{"ctxid": 0, "pos": [-1959.19, -4906.521, 96.006], "rotationMatrix": [0.4172, 0.908814, 0.0, -0.908814, 0.4172, 0.0, 0.0, 0.0, 1.0], "scale": 0.866, "type": "italy_rockface_small_2"}
{"ctxid": 0, "pos": [-1168.398, 3140.284, 366.011], "rotationMatrix": [-0.96153, -0.274699, 0.0, 0.274699, -0.96153, 0.0, 0.0, 0.0, 1.0], "scale": 1.22, "type": "italy_rockface_small_2"}
{"ctxid": 0, "pos": [-1131.989, 3144.629, 365.339], "rotationMatrix": [0.894493, -0.447083, 0.0, 0.447083, 0.894493, 0.0, 0.0, 0.0, 1.0], "scale": 0.841, "type": "italy_rockface_small_2"}
{"ctxid": 0, "pos": [-1006.041, 2934.625, 364.025], "rotationMatrix": [0.892965, 0.450125, 0.0, -0.450125, 0.892965, 0.0, 0.0, 0.0, 1.0], "scale": 1.072, "type": "italy_rockface_small_2"}
{"ctxid": 0, "pos": [-961.006, 3156.655, 364.654], "rotationMatrix": [0.158133, -0.987418, 0.0, 0.987418, 0.158133, 0.0, 0.0, 0.0, 1.0], "scale": 0.808, "type": "italy_rockface_small_2"}
{"ctxid": 0, "pos": [-1178.144, 3627.111, 382.401], "rotationMatrix": [-0.261636, 0.965167, 0.0, -0.965167, -0.261636, 0.0, 0.0, 0.0, 1.0], "scale": 1.221, "type": "italy_rockface_small_2"}
{"ctxid": 0, "pos": [-1099.425, 3687.463, 382.401], "rotationMatrix": [0.746055, -0.665884, 0.0, 0.665884, 0.746055, 0.0, 0.0, 0.0, 1.0], "scale": 1.112, "type": "italy_rockface_small_2"}
{"ctxid": 0, "pos": [-1043.777, 3674.387, 382.401], "rotationMatrix": [-0.816854, 0.576844, 0.0, -0.576844, -0.816854, 0.0, 0.0, 0.0, 1.0], "scale": 1.111, "type": "italy_rockface_small_2"}
{"ctxid": 0, "pos": [-932.464, 3723.978, 382.401], "rotationMatrix": [-0.938338, -0.345719, 0.0, 0.345719, -0.938338, 0.0, 0.0, 0.0, 1.0], "scale": 0.716, "type": "italy_rockface_small_2"}
{"ctxid": 0, "pos": [-91.893, 2271.119, 350.163], "rotationMatrix": [-0.843532, 0.537079, 0.0, -0.537079, -0.843532, 0.0, 0.0, 0.0, 1.0], "scale": 1.222, "type": "italy_rockface_small_2"}
{"ctxid": 0, "pos": [-50.386, 2056.45, 229.882],