{"ctxid": 0, "pos": [-2940.268, 942.768, 319.41], "rotationMatrix": [0.996802, 0.079914, 0.0, -0.079914, 0.996802, 0.0, 0.0, 0.0, 1.0], "scale": 1.199, "type": "italy_boulder_3"}
{"ctxid": 0, "pos": [-2917.665, 1034.143, 366.965], "rotationMatrix": [0.970642, 0.240529, 0.0, -0.240529, 0.970642, 0.0, 0.0, 0.0, 1.0], "scale": 1.079, "type": "italy_boulder_3"}
{"ctxid": 0, "pos": [-2843.071, 986.129, 319.41], "rotationMatrix": [0.520523, 0.853848, 0.0, -0.853848, 0.520523, 0.0, 0.0, 0.0, 1.0], "scale": 1.283, "type": "italy_boulder_3"}
{"ctxid": 0, "pos": [-2848.633, 1027.829, 365.539], "rotationMatrix": [0.792827, 0.609447, 0.0, -0.609447, 0.792827, 0.0, 0.0, 0.0, 1.0], "scale": 0.918, "type": "italy_boulder_3"}
{"ctxid": 0, "pos": [-2810.764, 1011.093, 319.41], "rotationMatrix": [0.819222, -0.573476, 0.0, 0.573476, 0.819222, 0.0, 0.0, 0.0, 1.0], "scale": 0.835, "type": "italy_boulder_3"}
{"ctxid": 0, "pos": [-2723.386, 973.334, 319.41], "rotationMatrix": [0.999997, 0.002297, 0.0, -0.002297, 0.999997, 0.0, 0.0, 0.0, 1.0], "scale": 0.847, "type": "italy_boulder_3"}
{"ctxid": 0, "pos": [-2643.169, 923.56, 316.922], "rotationMatrix": [0.24693, 0.969033, 0.0, -0.969033, 0.24693, 0.0, 0.0, 0.0, 1.0], "scale": 0.72, "type": "italy_boulder_3"}
{"ctxid": 0, "pos": [-3404.221, 576.958, 316.922], "rotationMatrix": [0.760205, -0.649683, 0.0, 0.649683, 0.760205, 0.0, 0.0, 0.0, 1.0], "scale": 1.142, "type": "italy_boulder_3"}
{"ctxid": 0, "pos": [-3219.386, 679.765, 316.922], "rotationMatrix": [0.902599, -0.430482, 0.0, 0.430482, 0.902599, 0.0, 0.0, 0.0, 1.0], "scale": 1.205, "type": "italy_boulder_3"}
{"ctxid": 0, "pos": [-3045.138, 523.091, 316.922], "rotationMatrix": [-0.921718, 0.387861, 0.0, -0.387861, -0.921718, 0.0, 0.0, 0.0, 1.0], "scale": 0.754, "type": "italy_boulder_3"}
{"ctxid": 0, "pos": [-2983.014, 424.679, 314.67], "rotationMatrix": [0.319917, 0.947446, 0.0, -0.947446, 0.319917, 0.0, 0.0, 0.0, 1.0], "scale": 1.07, "type": "italy_boulder_3"}
{"ctxid": 0, "pos": [-2837.627, 245.662, 312.696], "rotationMatrix": [0.70656, 0.707654, 0.0, -0.707654, 0.70656, 0.0, 0.0, 0.0, 1.0], "scale": 0.768, "type": "italy_boulder_3"}
{"ctxid": 0, "pos": [-2725.095, 193.579, 312.696], "rotationMatrix": [0.242943, 0.970041, 0.0, -0.970041, 0.242943, 0.0, 0.0, 0.0, 1.0], "scale": 0.986, "type": "italy_boulder_3"}
{"ctxid": 0, "pos": [-2694.775, 794.083, 316.922], "rotationMatrix": [0.00051, -1.0, 0.0, 1.0, 0.00051, 0.0, 0.0, 0.0, 1.0], "scale": 1.02, "type": "italy_boulder_3"}
{"ctxid": 0, "pos": [-2665.103, 749.537, 316.922], "rotationMatrix": [0.988618, -0.150446, 0.0, 0.150446, 0.988618, 0.0, 0.0, 0.0, 1.0], "scale": 1.133, "type": "italy_boulder_3"}
{"ctxid": 0, "pos": [-2685.107, 801.653, 316.922], "rotationMatrix": [-0.995613, -0.093562, 0.0, 0.093562, -0.995613, 0.0, 0.0, 0.0, 1.0], "scale": 1.126, "type": "italy_boulder_3"}
{"ctxid": 0, "pos": [-2632.953, 850.821, 316.922], "rotationMatrix": [-0.403769, 0.914861, 0.0, -0.914861, -0.403769, 0.0, 0.0, 0.0, 1.0], "scale": 1.177, "type": "italy_boulder_3"}
{"ctxid": 0, "pos": [-3501.49, 491.081, 316.922], "rotationMatrix": [-0.76137, -0.648318, 0.0, 0.648318, -0.76137, 0.0, 0.0, 0.0, 1.0], "scale": 1.119, "type": "italy_boulder_3"}
{"ctxid": 0, "pos": [-3645.585, 542.236, 316.922], "rotationMatrix": [-0.689857, 0.723945, 0.0, -0.723945, -0.689857, 0.0, 0.0, 0.0, 1.0], "scale": 0.789, "type": "italy_boulder_3"}
{"ctxid": 0, "pos": [-3550.607, 554.191, 316.922], "rotationMatrix": [-0.996662, -0.08164, 0.0, 0.08164, -0.996662, 0.0, 0.0, 0.0, 1.0], "scale": 0.969, "type": "italy_boulder_3"}
{"ctxid": 0, "pos": [-3443.841, 316.329, 314.67], "rotationMatrix": [0.883168, -0.469056, 0.0, 0.469056, 0.883168, 0.0, 0.0, 0.0, 1.0], "scale": 1.168, "type": "italy_boulder_3"}
{"ctxid": 0, "pos": [-3418.149, 310.887, 314.67], "rotationMatrix": [-0.981948, -0.189152, 0.0, 0.189152, -0.981948, 0.0, 0.0, 0.0, 1.0], "scale": 1.279, "type": "italy_boulder_3"}
{"ctxid": 0, "pos": [-3788.75, 688.415, 366.965], "rotationMatrix": [0.893033, -0.44999, 0.0, 0.44999, 0.893033, 0.0, 0.0, 0.0, 1.0], "scale": 0.795, "type": "italy_boulder_3"}
{"ctxid": 0, "pos": [-3687.305, 657.02, 366.965], "rotationMatrix": [0.858484, -0.51284, 0.0, 0.51284, 0.858484, 0.0, 0.0, 0.0, 1.0], "scale": 0.861, "type": "italy_boulder_3"}
{"ctxid": 0, "pos": [-3842.814, 759.703, 366.965], "rotationMatrix": [0.870971, 0.491334, 0.0, -0.491334, 0.870971, 0.0, 0.0, 0.0, 1.0], "scale": 0.838, "type": "italy_boulder_3"}
{"ctxid": 0, "pos": [-289.552, -5095.557, 243.584], "rotationMatrix": [0.176499, 0.984301, 0.0, -0.984301, 0.176499, 0.0, 0.0, 0.0, 1.0], "scale": 1.067, "type": "italy_boulder_3"}
{"ctxid": 0, "pos": [-239.82, -4944.569, 243.584], "rotationMatrix": [0.733498, -0.679691, 0.0, 0.679691, 0.733498, 0.0, 0.0, 0.0, 1.0], "scale": 0.994, "type": "italy_boulder_3"}
{"ctxid": 0, "pos": [-184.169, -5033.5, 243.584], "rotationMatrix": [-0.181865, -0.983324, 0.0, 0.983324, -0.181865, 0.0, 0.0, 0.0, 1.0], "scale": 0.73, "type": "italy_boulder_3"}
{"ctxid": 0, "pos": [-159.637, -4827.962, 243.584], "rotationMatrix": [0.991735, -0.128307, 0.0, 0.128307, 0.991735, 0.0, 0.0, 0.0, 1.0], "scale": 0.761, "type": "italy_boulder_3"}
{"ctxid": 0, "pos": [-116.869, -5114.271, 243.584], "rotationMatrix": [-0.998627, -0.052393, 0.0, 0.052393, -0.998627, 0.0, 0.0, 0.0, 1.0], "scale": 1.232, "type": "italy_boulder_3"}
{"ctxid": 0, "pos": [-2077.034, -5069.572, 96.006], "rotationMatrix": [0.516247, -0.85644, 0.0, 0.85644, 0.516247, 0.0, 0.0, 0.0, 1.0], "scale": 1.166, "type": "italy_boulder_3"}
{"ctxid": 0, "pos": [-2110.723, -4866.418, 96.006], "rotationMatrix": [0.978659, -0.205493, 0.0, 0.205493, 0.978659, 0.0, 0.0, 0.0, 1.0], "scale": 0.742, "type": "italy_boulder_3"}
{"ctxid": 0, "pos": [-1992.996, -4975.817, 96.006], "rotationMatrix": [-0.866782, -0.498686, 0.0, 0.498686, -0.866782, 0.0, 0.0, 0.0, 1.0], "scale": 1.236, "type": "italy_boulder_3"}
{"ctxid": 0, "pos": [-1954.943, -4933.894, 96.006], "rotationMatrix": [-0.999935, 0.011395, 0.0, -0.011395, -0.999935, 0.0, 0.0, 0.0, 1.0], "scale": 1.157, "type": "italy_boulder_3"}
{"ctxid": 0, "pos": [-1913.861, -5110.923, 245.689], "rotationMatrix": [0.335044, 0.942202, 0.0, -0.942202, 0.335044, 0.0, 0.0, 0.0, 1.0], "scale": 1.074, "type": "italy_boulder_3"}
{"ctxid": 0, "pos": [-1881.274, -4857.929, 96.006], "rotationMatrix": [-0.353615, -0.935391, 0.0, 0.935391, -0.353615, 0.0, 0.0, 0.0, 1.0], "scale": 1.062, "type": "italy_boulder_3"}
{"ctxid": 0, "pos": [-1814.399, -4978.437, 96.006], "rotationMatrix": [-0.31164, -0.9502, 0.0, 0.9502, -0.31164, 0.0, 0.0, 0.0, 1.0], "scale": 1.066, "type": "italy_boulder_3"}
{"ctxid": 0, "pos": [-1232.323, 3122.235, 365.72], "rotationMatrix": [-0.738161, 0.674625, 0.0, -0.674625, -0.738161, 0.0, 0.0, 0.0, 1.0], "scale": 0.743, "type": "italy_boulder_3"}
{"ctxid": 0, "pos": [-1171.436, 3017.592, 365.004], "rotationMatrix": [-0.709268, -0.704939, 0.0, 0.704939, -0.709268, 0.0, 0.0, 0.0, 1.0], "scale": 0.774, "type": "italy_boulder_3"}
{"ctxid": 0, "pos": [-1181.792, 3121.79, 366.011], "rotationMatrix": [0.124943, 0.992164, 0.0, -0.992164, 0.124943, 0.0, 0.0, 0.0, 1.0], "scale": 0.94, "type": "italy_boulder_3"}
{"ctxid": 0, "pos": [-1227.859, 3625.6, 382.401], "rotationMatrix": [0.580186, 0.814484, 0.0, -0.814484, 0.580186, 0.0, 0.0, 0.0, 1.0], "scale": 1.171, "type": "italy_boulder_3"}
{"ctxid": 0, "pos": [-1075.226, 3490.987, 364.248], "rotationMatrix": [-0.988367, -0.152087, 0.0, 0.152087, -0.988367, 0.0, 0.0, 0.0, 1.0], "scale": 1.185, "type": "italy_boulder_3"}
{"ctxid": 0, "pos": [-1045.891, 3631.175, 382.401], "rotationMatrix": [0.12644, 0.991974, 0.0, -0.991974, 0.12644, 0.0, 0.0, 0.0, 1.0], "scale": 1.268, "type": "italy_boulder_3"}
{"ctxid": 0, "pos": [-927.659, 3611.144, 365.72], "rotationMatrix": [0.9356, 0.353063, 0.0, -0.353063, 0.9356, 0.0, 0.0, 0.0, 1.0], "scale": 1.05, "type": "italy_boulder_3"}
{"ctxid": 0, "pos": [-243.675, 2054.553, 229.882],