{"ctxid": 0, "pos": [-2836.152, 894.815, 319.41], "rotationMatrix": [-0.956042, -0.293229, 0.0, 0.293229, -0.956042, 0.0, 0.0, 0.0, 1.0], "scale": 1.146, "type": "italy_boulder_1"}
{"ctxid": 0, "pos": [-3405.211, 626.5, 316.922], "rotationMatrix": [0.932711, 0.360624, 0.0, -0.360624, 0.932711, 0.0, 0.0, 0.0, 1.0], "scale": 1.2, "type": "italy_boulder_1"}
{"ctxid": 0, "pos": [-3149.759, 565.615, 316.922], "rotationMatrix": [0.169385, -0.98555, 0.0, 0.98555, 0.169385, 0.0, 0.0, 0.0, 1.0], "scale": 1.175, "type": "italy_boulder_1"}
{"ctxid": 0, "pos": [-2958.518, 559.83, 314.67], "rotationMatrix": [-0.930327, -0.366731, 0.0, 0.366731, -0.930327, 0.0, 0.0, 0.0, 1.0], "scale": 0.73, "type": "italy_boulder_1"}
{"ctxid": 0, "pos": [-2989.8, 295.703, 314.67], "rotationMatrix": [-0.569924, -0.821697, 0.0, 0.821697, -0.569924, 0.0, 0.0, 0.0, 1.0], "scale": 0.759, "type": "italy_boulder_1"}
{"ctxid": 0, "pos": [-2944.082, 189.923, 312.696], "rotationMatrix": [-0.238447, -0.971155, 0.0, 0.971155, -0.238447, 0.0, 0.0, 0.0, 1.0], "scale": 1.162, "type": "italy_boulder_1"}
{"ctxid": 0, "pos": [-2926.457, 89.232, 312.696], "rotationMatrix": [-0.96441, -0.264411, 0.0, 0.264411, -0.96441, 0.0, 0.0, 0.0, 1.0], "scale": 0.779, "type": "italy_boulder_1"}
{"ctxid": 0, "pos": [-2900.05, 344.737, 314.67], "rotationMatrix": [0.419448, 0.907779, 0.0, -0.907779, 0.419448, 0.0, 0.0, 0.0, 1.0], "scale": 0.765, "type": "italy_boulder_1"}
{"ctxid": 0, "pos": [-2887.593, 237.267, 312.696], "rotationMatrix": [-0.908316, 0.418285, 0.0, -0.418285, -0.908316, 0.0, 0.0, 0.0, 1.0], "scale": 1.092, "type": "italy_boulder_1"}
{"ctxid": 0, "pos": [-2847.116, 330.596, 314.67], "rotationMatrix": [0.971213, -0.238212, 0.0, 0.238212, 0.971213, 0.0, 0.0, 0.0, 1.0], "scale": 1.109, "type": "italy_boulder_1"}
{"ctxid": 0, "pos": [-2781.866, 822.721, 316.922], "rotationMatrix": [0.249193, -0.968454, 0.0, 0.968454, 0.249193, 0.0, 0.0, 0.0, 1.0], "scale": 0.824, "type": "italy_boulder_1"}
{"ctxid": 0, "pos": [-2737.393, 716.273, 316.922], "rotationMatrix": [0.953965, 0.299918, 0.0, -0.299918, 0.953965, 0.0, 0.0, 0.0, 1.0], "scale": 1.159, "type": "italy_boulder_1"}
{"ctxid": 0, "pos": [-3294.983, 589.143, 316.922], "rotationMatrix": [-0.929483, 0.368864, 0.0, -0.368864, -0.929483, 0.0, 0.0, 0.0, 1.0], "scale": 0.889, "type": "italy_boulder_1"}
{"ctxid": 0, "pos": [-3801.543, 631.488, 366.965], "rotationMatrix": [-0.999283, -0.037871, 0.0, 0.037871, -0.999283, 0.0, 0.0, 0.0, 1.0], "scale": 0.953, "type": "italy_boulder_1"}
{"ctxid": 0, "pos": [-3770.297, 636.628, 366.965], "rotationMatrix": [0.971912, -0.235343, 0.0, 0.235343, 0.971912, 0.0, 0.0, 0.0, 1.0], "scale": 0.922, "type": "italy_boulder_1"}
{"ctxid": 0, "pos": [-3652.66, 583.554, 366.965], "rotationMatrix": [0.507254, -0.861796, 0.0, 0.861796, 0.507254, 0.0, 0.0, 0.0, 1.0], "scale": 1.063, "type": "italy_boulder_1"}
{"ctxid": 0, "pos": [-3581.194, 660.591, 366.965], "rotationMatrix": [-0.185477, 0.982649, 0.0, -0.982649, -0.185477, 0.0, 0.0, 0.0, 1.0], "scale": 0.895, "type": "italy_boulder_1"}
{"ctxid": 0, "pos": [-274.029, -4970.875, 243.584], "rotationMatrix": [0.984631, 0.174645, 0.0, -0.174645, 0.984631, 0.0, 0.0, 0.0, 1.0], "scale": 0.716, "type": "italy_boulder_1"}
{"ctxid": 0, "pos": [-206.449, -5023.146, 243.584], "rotationMatrix": [-0.25067, -0.968072, 0.0, 0.968072, -0.25067, 0.0, 0.0, 0.0, 1.0], "scale": 0.744, "type": "italy_boulder_1"}
{"ctxid": 0, "pos": [-226.035, -4878.944, 243.584], "rotationMatrix": [-0.700215, 0.713932, 0.0, -0.713932, -0.700215, 0.0, 0.0, 0.0, 1.0], "scale": 1.072, "type": "italy_boulder_1"}
{"ctxid": 0, "pos": [-82.548, -5023.555, 243.584], "rotationMatrix": [0.042949, -0.999077, 0.0, 0.999077, 0.042949, 0.0, 0.0, 0.0, 1.0], "scale": 1.046, "type": "italy_boulder_1"}
{"ctxid": 0, "pos": [-56.677, -4934.506, 243.584], "rotationMatrix": [-0.595043, 0.803694, 0.0, -0.803694, -0.595043, 0.0, 0.0, 0.0, 1.0], "scale": 0.905, "type": "italy_boulder_1"}
{"ctxid": 0, "pos": [-54.501, -4887.376, 243.584], "rotationMatrix": [0.931441, -0.363892, 0.0, 0.363892, 0.931441, 0.0, 0.0, 0.0, 1.0], "scale": 0.925, "type": "italy_boulder_1"}
{"ctxid": 0, "pos": [-2114.629, -4894.418, 96.006], "rotationMatrix": [-0.868357, 0.49594, 0.0, -0.49594, -0.868357, 0.0, 0.0, 0.0, 1.0], "scale": 1.156, "type": "italy_boulder_1"}
{"ctxid": 0, "pos": [-1974.329, -5122.956, 96.006], "rotationMatrix": [-0.926515, 0.376258, 0.0, -0.376258, -0.926515, 0.0, 0.0, 0.0, 1.0], "scale": 0.914, "type": "italy_boulder_1"}
{"ctxid": 0, "pos": [-1976.909, -5096.269, 96.006], "rotationMatrix": [0.000319, 1.0, 0.0, -1.0, 0.000319, 0.0, 0.0, 0.0, 1.0], "scale": 1.08, "type": "italy_boulder_1"}
{"ctxid": 0, "pos": [-1910.674, -5056.016, 96.006], "rotationMatrix": [0.355152, 0.934809, 0.0, -0.934809, 0.355152, 0.0, 0.0, 0.0, 1.0], "scale": 1.245, "type": "italy_boulder_1"}
{"ctxid": 0, "pos": [-1829.173, -5149.053, 245.689], "rotationMatrix": [0.571263, -0.820767, 0.0, 0.820767, 0.571263, 0.0, 0.0, 0.0, 1.0], "scale": 0.978, "type": "italy_boulder_1"}
{"ctxid": 0, "pos": [-1227.515, 2963.269, 365.004], "rotationMatrix": [0.448833, 0.893616, 0.0, -0.893616, 0.448833, 0.0, 0.0, 0.0, 1.0], "scale": 1.288, "type": "italy_boulder_1"}
{"ctxid": 0, "pos": [-1221.293, 3205.445, 365.72], "rotationMatrix": [0.355741, -0.934585, 0.0, 0.934585, 0.355741, 0.0, 0.0, 0.0, 1.0], "scale": 0.956, "type": "italy_boulder_1"}
{"ctxid": 0, "pos": [-1117.958, 2958.962, 364.654], "rotationMatrix": [-0.976757, 0.214348, 0.0, -0.214348, -0.976757, 0.0, 0.0, 0.0, 1.0], "scale": 1.02, "type": "italy_boulder_1"}
{"ctxid": 0, "pos": [-1114.094, 3161.067, 365.339], "rotationMatrix": [0.981174, -0.193123, 0.0, 0.193123, 0.981174, 0.0, 0.0, 0.0, 1.0], "scale": 1.075, "type": "italy_boulder_1"}
{"ctxid": 0, "pos": [-1115.588, 3213.253, 366.011], "rotationMatrix": [-0.501744, 0.865016, 0.0, -0.865016, -0.501744, 0.0, 0.0, 0.0, 1.0], "scale": 1.158, "type": "italy_boulder_1"}
{"ctxid": 0, "pos": [-1043.916, 3102.474, 364.654], "rotationMatrix": [0.998467, -0.055355, 0.0, 0.055355, 0.998467, 0.0, 0.0, 0.0, 1.0], "scale": 0.941, "type": "italy_boulder_1"}
{"ctxid": 0, "pos": [-1053.754, 3204.662, 365.339], "rotationMatrix": [0.131389, 0.991331, 0.0, -0.991331, 0.131389, 0.0, 0.0, 0.0, 1.0], "scale": 1.214, "type": "italy_boulder_1"}
{"ctxid": 0, "pos": [-978.992, 3024.554, 364.04], "rotationMatrix": [0.989907, 0.141716, 0.0, -0.141716, 0.989907, 0.0, 0.0, 0.0, 1.0], "scale": 0.825, "type": "italy_boulder_1"}
{"ctxid": 0, "pos": [-1059.925, 3545.144, 364.248], "rotationMatrix": [-0.690339, -0.723486, 0.0, 0.723486, -0.690339, 0.0, 0.0, 0.0, 1.0], "scale": 0.799, "type": "italy_boulder_1"}
{"ctxid": 0, "pos": [-1037.438, 3506.807, 364.248], "rotationMatrix": [0.869142, 0.494562, 0.0, -0.494562, 0.869142, 0.0, 0.0, 0.0, 1.0], "scale": 1.215, "type": "italy_boulder_1"}
{"ctxid": 0, "pos": [-1027.408, 3689.993, 382.401], "rotationMatrix": [0.098839, 0.995103, 0.0, -0.995103, 0.098839, 0.0, 0.0, 0.0, 1.0], "scale": 0.865, "type": "italy_boulder_1"}
{"ctxid": 0, "pos": [-245.72, 2075.784, 292.912], "rotationMatrix": [-0.998865, 0.047634, 0.0, -0.047634, -0.998865, 0.0, 0.0, 0.0, 1.0], "scale": 0.943, "type": "italy_boulder_1"}
{"ctxid": 0, "pos": [-178.229, 2049.93, 229.882], "rotationMatrix": [-0.962121, -0.272624, 0.0, 0.272624, -0.962121, 0.0, 0.0, 0.0, 1.0], "scale": 1.142, "type": "italy_boulder_1"}
{"ctxid": 0, "pos": [-49.263, 2088.427, 229.882], "rotationMatrix": [0.728864, -0.684659, 0.0, 0.684659, 0.728864, 0.0, 0.0, 0.0, 1.0], "scale": 1.052, "type": "italy_boulder_1"}
{"ctxid": 0, "pos": [0.256, 2122.918, 229.882], "rotationMatrix": [-0.796985, 0.603999, 0.0, -0.603999, -0.796985, 0.0, 0.0, 0.0, 1.0], "scale": 0.815, "type": "italy_boulder_1"}
{"ctxid": 0, "pos": [-5.943, 2175.688, 229.882], "rotationMatrix": [-0.863641, 0.504107, 0.0, -0.504107, -0.863641, 0.0, 0.0, 0.0, 1.0], "scale": 1.105, "type": "italy_boulder_1"}
{"ctxid": 0, "pos": [-2106.931, 1805.899, 366.965],