{"ctxid": 0, "pos": [-2925.144, 961.935, 365.539], "rotationMatrix": [-0.860488, 0.509471, 0.0, -0.509471, -0.860488, 0.0, 0.0, 0.0, 1.0], "scale": 1.087, "type": "italy_boulder_2"}
{"ctxid": 0, "pos": [-2794.191, 868.283, 316.922], "rotationMatrix": [0.901326, 0.433141, 0.0, -0.433141, 0.901326, 0.0, 0.0, 0.0, 1.0], "scale": 1.052, "type": "italy_boulder_2"}
{"ctxid": 0, "pos": [-2789.374, 1085.961, 366.965], "rotationMatrix": [-0.631772, -0.775154, 0.0, 0.775154, -0.631772, 0.0, 0.0, 0.0, 1.0], "scale": 0.971, "type": "italy_boulder_2"}
{"ctxid": 0, "pos": [-2721.765, 939.046, 319.41], "rotationMatrix": [0.440007, 0.897994, 0.0, -0.897994, 0.440007, 0.0, 0.0, 0.0, 1.0], "scale": 0.83, "type": "italy_boulder_2"}
{"ctxid": 0, "pos": [-3338.692, 621.511, 316.922], "rotationMatrix": [0.461574, -0.887102, 0.0, 0.887102, 0.461574, 0.0, 0.0, 0.0, 1.0], "scale": 1.138, "type": "italy_boulder_2"}
{"ctxid": 0, "pos": [-3110.768, 646.93, 316.922], "rotationMatrix": [-0.717101, 0.696969, 0.0, -0.696969, -0.717101, 0.0, 0.0, 0.0, 1.0], "scale": 1.23, "type": "italy_boulder_2"}
{"ctxid": 0, "pos": [-3177.126, 454.482, 316.922], "rotationMatrix": [0.59332, -0.804967, 0.0, 0.804967, 0.59332, 0.0, 0.0, 0.0, 1.0], "scale": 0.788, "type": "italy_boulder_2"}
{"ctxid": 0, "pos": [-3105.994, 426.841, 314.67], "rotationMatrix": [-0.781307, 0.624147, 0.0, -0.624147, -0.781307, 0.0, 0.0, 0.0, 1.0], "scale": 1.291, "type": "italy_boulder_2"}
{"ctxid": 0, "pos": [-3118.028, 461.444, 314.67], "rotationMatrix": [0.998439, -0.055852, 0.0, 0.055852, 0.998439, 0.0, 0.0, 0.0, 1.0], "scale": 1.215, "type": "italy_boulder_2"}
{"ctxid": 0, "pos": [-2994.41, 215.599, 314.67], "rotationMatrix": [-0.412263, 0.911065, 0.0, -0.911065, -0.412263, 0.0, 0.0, 0.0, 1.0], "scale": 1.028, "type": "italy_boulder_2"}
{"ctxid": 0, "pos": [-2957.162, 102.294, 312.696], "rotationMatrix": [0.985436, 0.170049, 0.0, -0.170049, 0.985436, 0.0, 0.0, 0.0, 1.0], "scale": 0.97, "type": "italy_boulder_2"}
{"ctxid": 0, "pos": [-2855.606, 131.226, 312.696], "rotationMatrix": [0.404346, -0.914606, 0.0, 0.914606, 0.404346, 0.0, 0.0, 0.0, 1.0], "scale": 1.031, "type": "italy_boulder_2"}
{"ctxid": 0, "pos": [-2807.15, 130.216, 312.696], "rotationMatrix": [0.177577, 0.984107, 0.0, -0.984107, 0.177577, 0.0, 0.0, 0.0, 1.0], "scale": 1.275, "type": "italy_boulder_2"}
{"ctxid": 0, "pos": [-2733.344, 361.454, 314.67], "rotationMatrix": [-0.154936, 0.987924, 0.0, -0.987924, -0.154936, 0.0, 0.0, 0.0, 1.0], "scale": 0.839, "type": "italy_boulder_2"}
{"ctxid": 0, "pos": [-2862.662, 703.077, 316.922], "rotationMatrix": [-0.379247, -0.925296, 0.0, 0.925296, -0.379247, 0.0, 0.0, 0.0, 1.0], "scale": 1.109, "type": "italy_boulder_2"}
{"ctxid": 0, "pos": [-2716.753, 753.911, 316.922], "rotationMatrix": [0.231971, 0.972723, 0.0, -0.972723, 0.231971, 0.0, 0.0, 0.0, 1.0], "scale": 0.839, "type": "italy_boulder_2"}
{"ctxid": 0, "pos": [-3443.526, 461.796, 316.922], "rotationMatrix": [-0.571375, -0.820689, 0.0, 0.820689, -0.571375, 0.0, 0.0, 0.0, 1.0], "scale": 0.883, "type": "italy_boulder_2"}
{"ctxid": 0, "pos": [-3697.811, 646.294, 366.965], "rotationMatrix": [-0.863986, -0.503516, 0.0, 0.503516, -0.863986, 0.0, 0.0, 0.0, 1.0], "scale": 1.26, "type": "italy_boulder_2"}
{"ctxid": 0, "pos": [-3607.143, 509.851, 316.922], "rotationMatrix": [-0.60276, -0.797923, 0.0, 0.797923, -0.60276, 0.0, 0.0, 0.0, 1.0], "scale": 1.296, "type": "italy_boulder_2"}
{"ctxid": 0, "pos": [-3719.603, 746.484, 366.965], "rotationMatrix": [0.001493, 0.999999, 0.0, -0.999999, 0.001493, 0.0, 0.0, 0.0, 1.0], "scale": 0.825, "type": "italy_boulder_2"}
{"ctxid": 0, "pos": [-3675.555, 720.229, 366.965], "rotationMatrix": [0.996785, 0.080122, 0.0, -0.080122, 0.996785, 0.0, 0.0, 0.0, 1.0], "scale": 0.991, "type": "italy_boulder_2"}
{"ctxid": 0, "pos": [-3582.975, 761.813, 366.965], "rotationMatrix": [-0.514777, -0.857324, 0.0, 0.857324, -0.514777, 0.0, 0.0, 0.0, 1.0], "scale": 1.028, "type": "italy_boulder_2"}
{"ctxid": 0, "pos": [-3799.803, 775.605, 366.965], "rotationMatrix": [0.668785, -0.743456, 0.0, 0.743456, 0.668785, 0.0, 0.0, 0.0, 1.0], "scale": 0.729, "type": "italy_boulder_2"}
{"ctxid": 0, "pos": [-218.061, -4853.753, 243.584], "rotationMatrix": [-0.565093, 0.825027, 0.0, -0.825027, -0.565093, 0.0, 0.0, 0.0, 1.0], "scale": 0.905, "type": "italy_boulder_2"}
{"ctxid": 0, "pos": [-127.416, -4891.702, 243.584], "rotationMatrix": [-0.338106, 0.941108, 0.0, -0.941108, -0.338106, 0.0, 0.0, 0.0, 1.0], "scale": 1.076, "type": "italy_boulder_2"}
{"ctxid": 0, "pos": [-141.188, -4825.065, 243.584], "rotationMatrix": [0.747177, 0.664625, 0.0, -0.664625, 0.747177, 0.0, 0.0, 0.0, 1.0], "scale": 0.757, "type": "italy_boulder_2"}
{"ctxid": 0, "pos": [-102.171, -5061.125, 243.584], "rotationMatrix": [-0.449543, -0.893259, 0.0, 0.893259, -0.449543, 0.0, 0.0, 0.0, 1.0], "scale": 1.187, "type": "italy_boulder_2"}
{"ctxid": 0, "pos": [-94.977, -4831.685, 243.584], "rotationMatrix": [0.858862, 0.512208, 0.0, -0.512208, 0.858862, 0.0, 0.0, 0.0, 1.0], "scale": 0.961, "type": "italy_boulder_2"}
{"ctxid": 0, "pos": [-50.997, -5089.96, 243.584], "rotationMatrix": [0.705171, -0.709037, 0.0, 0.709037, 0.705171, 0.0, 0.0, 0.0, 1.0], "scale": 0.966, "type": "italy_boulder_2"}
{"ctxid": 0, "pos": [-2072.003, -5010.326, 96.006], "rotationMatrix": [-0.992016, -0.126109, 0.0, 0.126109, -0.992016, 0.0, 0.0, 0.0, 1.0], "scale": 1.208, "type": "italy_boulder_2"}
{"ctxid": 0, "pos": [-1938.852, -5089.925, 96.006], "rotationMatrix": [0.017968, -0.999839, 0.0, 0.999839, 0.017968, 0.0, 0.0, 0.0, 1.0], "scale": 0.752, "type": "italy_boulder_2"}
{"ctxid": 0, "pos": [-1853.999, -4977.272, 96.006], "rotationMatrix": [-0.599119, 0.80066, 0.0, -0.80066, -0.599119, 0.0, 0.0, 0.0, 1.0], "scale": 1.205, "type": "italy_boulder_2"}
{"ctxid": 0, "pos": [-1206.158, 3203.015, 365.72], "rotationMatrix": [0.999722, -0.023586, 0.0, 0.023586, 0.999722, 0.0, 0.0, 0.0, 1.0], "scale": 1.156, "type": "italy_boulder_2"}
{"ctxid": 0, "pos": [-1034.586, 2928.816, 364.025], "rotationMatrix": [0.589963, -0.80743, 0.0, 0.80743, 0.589963, 0.0, 0.0, 0.0, 1.0], "scale": 0.831, "type": "italy_boulder_2"}
{"ctxid": 0, "pos": [-1041.981, 3044.251, 364.654], "rotationMatrix": [-0.346646, 0.937996, 0.0, -0.937996, -0.346646, 0.0, 0.0, 0.0, 1.0], "scale": 0.805, "type": "italy_boulder_2"}
{"ctxid": 0, "pos": [-1038.293, 3446.802, 365.72], "rotationMatrix": [-0.887814, 0.460202, 0.0, -0.460202, -0.887814, 0.0, 0.0, 0.0, 1.0], "scale": 0.899, "type": "italy_boulder_2"}
{"ctxid": 0, "pos": [-953.892, 3584.941, 365.72], "rotationMatrix": [0.108151, -0.994135, 0.0, 0.994135, 0.108151, 0.0, 0.0, 0.0, 1.0], "scale": 1.149, "type": "italy_boulder_2"}
{"ctxid": 0, "pos": [-252.45, 2150.635, 292.912], "rotationMatrix": [-0.26202, -0.965062, 0.0, 0.965062, -0.26202, 0.0, 0.0, 0.0, 1.0], "scale": 1.029, "type": "italy_boulder_2"}
{"ctxid": 0, "pos": [-232.859, 2286.373, 350.163], "rotationMatrix": [-0.709159, -0.705049, 0.0, 0.705049, -0.709159, 0.0, 0.0, 0.0, 1.0], "scale": 1.034, "type": "italy_boulder_2"}
{"ctxid": 0, "pos": [-197.134, 2126.91, 229.882], "rotationMatrix": [-0.900104, -0.435675, 0.0, 0.435675, -0.900104, 0.0, 0.0, 0.0, 1.0], "scale": 1.196, "type": "italy_boulder_2"}
{"ctxid": 0, "pos": [-19.359, 1982.756, 229.882], "rotationMatrix": [0.234945, 0.972009, 0.0, -0.972009, 0.234945, 0.0, 0.0, 0.0, 1.0], "scale": 0.87, "type": "italy_boulder_2"}
{"ctxid": 0, "pos": [-1890.235, 1658.328, 419.135], "rotationMatrix": [0.671249, 0.741232, 0.0, -0.741232, 0.671249, 0.0, 0.0, 0.0, 1.0], "scale": 0.714, "type": "italy_boulder_2"}
{"ctxid": 0, "pos": [-1881.185, 1928.426, 423.117], "rotationMatrix": [0.997704, -0.067728, 0.0, 0.067728, 0.997704, 0.0, 0.0, 0.0, 1.0], "scale": 0.927, "type": "italy_boulder_2"}
{"ctxid": 0, "pos": [-1833.531, 1686.27, 419.135], "rotationMatrix": [0.185906, 0.982568, 0.0, -0.982568, 0.185906, 0.0, 0.0, 0.0, 1.0], "scale": 0.82, "type": "italy_boulder_2"}
{"ctxid": 0, "pos": [-1864.034, 1912.541, 423.117],