{"ctxid": 0, "pos": [-2891.876, 852.96, 316.922], "rotationMatrix": [-0.973746, 0.227638, 0.0, -0.227638, -0.973746, 0.0, 0.0, 0.0, 1.0], "scale": 1.056, "type": "italy_rockface_small_1"}
{"ctxid": 0, "pos": [-2817.52, 1143.526, 366.965], "rotationMatrix": [-0.84816, -0.529741, 0.0, 0.529741, -0.84816, 0.0, 0.0, 0.0, 1.0], "scale": 0.92, "type": "italy_rockface_small_1"}
{"ctxid": 0, "pos": [-2795.941, 1110.718, 366.965], "rotationMatrix": [-0.681418, -0.731894, 0.0, 0.731894, -0.681418, 0.0, 0.0, 0.0, 1.0], "scale": 1.164, "type": "italy_rockface_small_1"}
{"ctxid": 0, "pos": [-2738.012, 941.731, 319.41], "rotationMatrix": [-0.957346, 0.288944, 0.0, -0.288944, -0.957346, 0.0, 0.0, 0.0, 1.0], "scale": 1.174, "type": "italy_rockface_small_1"}
{"ctxid": 0, "pos": [-2737.961, 1085.23, 365.539], "rotationMatrix": [-0.645846, -0.763467, 0.0, 0.763467, -0.645846, 0.0, 0.0, 0.0, 1.0], "scale": 1.174, "type": "italy_rockface_small_1"}
{"ctxid": 0, "pos": [-2653.728, 847.876, 316.922], "rotationMatrix": [0.198783, 0.980043, 0.0, -0.980043, 0.198783, 0.0, 0.0, 0.0, 1.0], "scale": 0.784, "type": "italy_rockface_small_1"}
{"ctxid": 0, "pos": [-2668.621, 963.479, 319.41], "rotationMatrix": [-0.36625, 0.930516, 0.0, -0.930516, -0.36625, 0.0, 0.0, 0.0, 1.0], "scale": 1.079, "type": "italy_rockface_small_1"}
{"ctxid": 0, "pos": [-3199.552, 550.831, 316.922], "rotationMatrix": [0.326373, -0.945241, 0.0, 0.945241, 0.326373, 0.0, 0.0, 0.0, 1.0], "scale": 0.851, "type": "italy_rockface_small_1"}
{"ctxid": 0, "pos": [-3008.5, 541.638, 316.922], "rotationMatrix": [0.114078, 0.993472, 0.0, -0.993472, 0.114078, 0.0, 0.0, 0.0, 1.0], "scale": 1.025, "type": "italy_rockface_small_1"}
{"ctxid": 0, "pos": [-2962.334, 210.063, 314.67], "rotationMatrix": [0.95417, 0.299264, 0.0, -0.299264, 0.95417, 0.0, 0.0, 0.0, 1.0], "scale": 1.002, "type": "italy_rockface_small_1"}
{"ctxid": 0, "pos": [-2966.472, 251.827, 314.67], "rotationMatrix": [0.359639, 0.933092, 0.0, -0.933092, 0.359639, 0.0, 0.0, 0.0, 1.0], "scale": 1.028, "type": "italy_rockface_small_1"}
{"ctxid": 0, "pos": [-2718.699, 201.569, 312.696], "rotationMatrix": [0.071334, 0.997452, 0.0, -0.997452, 0.071334, 0.0, 0.0, 0.0, 1.0], "scale": 0.88, "type": "italy_rockface_small_1"}
{"ctxid": 0, "pos": [-2808.953, 703.785, 316.922], "rotationMatrix": [-0.471714, -0.881751, 0.0, 0.881751, -0.471714, 0.0, 0.0, 0.0, 1.0], "scale": 0.83, "type": "italy_rockface_small_1"}
{"ctxid": 0, "pos": [-3293.665, 639.63, 316.922], "rotationMatrix": [0.320252, -0.947332, 0.0, 0.947332, 0.320252, 0.0, 0.0, 0.0, 1.0], "scale": 0.747, "type": "italy_rockface_small_1"}
{"ctxid": 0, "pos": [-3409.055, 471.663, 316.922], "rotationMatrix": [0.752474, -0.658621, 0.0, 0.658621, 0.752474, 0.0, 0.0, 0.0, 1.0], "scale": 1.266, "type": "italy_rockface_small_1"}
{"ctxid": 0, "pos": [-3379.701, 462.153, 316.922], "rotationMatrix": [-0.361763, -0.93227, 0.0, 0.93227, -0.361763, 0.0, 0.0, 0.0, 1.0], "scale": 0.889, "type": "italy_rockface_small_1"}
{"ctxid": 0, "pos": [-3341.625, 516.673, 316.922], "rotationMatrix": [0.485704, 0.874123, 0.0, -0.874123, 0.485704, 0.0, 0.0, 0.0, 1.0], "scale": 1.169, "type": "italy_rockface_small_1"}
{"ctxid": 0, "pos": [-3719.276, 526.084, 366.965], "rotationMatrix": [0.586953, 0.809621, 0.0, -0.809621, 0.586953, 0.0, 0.0, 0.0, 1.0], "scale": 1.13, "type": "italy_rockface_small_1"}
{"ctxid": 0, "pos": [-3650.544, 604.886, 366.965], "rotationMatrix": [-0.911665, 0.410933, 0.0, -0.410933, -0.911665, 0.0, 0.0, 0.0, 1.0], "scale": 1.092, "type": "italy_rockface_small_1"}
{"ctxid": 0, "pos": [-3580.203, 725.651, 366.965], "rotationMatrix": [0.011214, -0.999937, 0.0, 0.999937, 0.011214, 0.0, 0.0, 0.0, 1.0], "scale": 0.815, "type": "italy_rockface_small_1"}
{"ctxid": 0, "pos": [-3052.6, -267.458, 312.696], "rotationMatrix": [-0.538604, -0.842559, 0.0, 0.842559, -0.538604, 0.0, 0.0, 0.0, 1.0], "scale": 1.237, "type": "italy_rockface_small_1"}
{"ctxid": 0, "pos": [-2991.151, -276.628, 312.696], "rotationMatrix": [0.902098, 0.431532, 0.0, -0.431532, 0.902098, 0.0, 0.0, 0.0, 1.0], "scale": 1.019, "type": "italy_rockface_small_1"}
{"ctxid": 0, "pos": [-3006.741, -213.196, 312.696], "rotationMatrix": [0.945655, 0.325171, 0.0, -0.325171, 0.945655, 0.0, 0.0, 0.0, 1.0], "scale": 1.239, "type": "italy_rockface_small_1"}
{"ctxid": 0, "pos": [-3905.745, 836.876, 366.965], "rotationMatrix": [0.10507, 0.994465, 0.0, -0.994465, 0.10507, 0.0, 0.0, 0.0, 1.0], "scale": 0.991, "type": "italy_rockface_small_1"}
{"ctxid": 0, "pos": [-250.86, -4868.678, 243.584], "rotationMatrix": [-0.146436, -0.98922, 0.0, 0.98922, -0.146436, 0.0, 0.0, 0.0, 1.0], "scale": 0.842, "type": "italy_rockface_small_1"}
{"ctxid": 0, "pos": [-186.227, -5076.981, 243.584], "rotationMatrix": [-0.995613, -0.093563, 0.0, 0.093563, -0.995613, 0.0, 0.0, 0.0, 1.0], "scale": 1.237, "type": "italy_rockface_small_1"}
{"ctxid": 0, "pos": [-154.203, -4912.395, 243.584], "rotationMatrix": [-0.279179, -0.960239, 0.0, 0.960239, -0.279179, 0.0, 0.0, 0.0, 1.0], "scale": 0.813, "type": "italy_rockface_small_1"}
{"ctxid": 0, "pos": [-124.641, -4998.479, 243.584], "rotationMatrix": [0.955337, -0.295519, 0.0, 0.295519, 0.955337, 0.0, 0.0, 0.0, 1.0], "scale": 1.018, "type": "italy_rockface_small_1"}
{"ctxid": 0, "pos": [-78.825, -4977.285, 243.584], "rotationMatrix": [0.689586, -0.724204, 0.0, 0.724204, 0.689586, 0.0, 0.0, 0.0, 1.0], "scale": 1.075, "type": "italy_rockface_small_1"}
{"ctxid": 0, "pos": [-90.827, -4879.715, 243.584], "rotationMatrix": [0.697345, -0.716736, 0.0, 0.716736, 0.697345, 0.0, 0.0, 0.0, 1.0], "scale": 0.888, "type": "italy_rockface_small_1"}
{"ctxid": 0, "pos": [-21.569, -5040.02, 243.584], "rotationMatrix": [-0.899872, -0.436153, 0.0, 0.436153, -0.899872, 0.0, 0.0, 0.0, 1.0], "scale": 0.888, "type": "italy_rockface_small_1"}
{"ctxid": 0, "pos": [-58.724, -4840.028, 243.584], "rotationMatrix": [0.257761, 0.966209, 0.0, -0.966209, 0.257761, 0.0, 0.0, 0.0, 1.0], "scale": 0.814, "type": "italy_rockface_small_1"}
{"ctxid": 0, "pos": [-1940.13, -4963.116, 96.006], "rotationMatrix": [0.995049, 0.099382, 0.0, -0.099382, 0.995049, 0.0, 0.0, 0.0, 1.0], "scale": 1.119, "type": "italy_rockface_small_1"}
{"ctxid": 0, "pos": [-1090.296, 2954.591, 364.04], "rotationMatrix": [0.568167, -0.822913, 0.0, 0.822913, 0.568167, 0.0, 0.0, 0.0, 1.0], "scale": 0.71, "type": "italy_rockface_small_1"}
{"ctxid": 0, "pos": [-1114.997, 3045.165, 365.004], "rotationMatrix": [0.635533, -0.772073, 0.0, 0.772073, 0.635533, 0.0, 0.0, 0.0, 1.0], "scale": 0.816, "type": "italy_rockface_small_1"}
{"ctxid": 0, "pos": [-1033.792, 3149.48, 365.004], "rotationMatrix": [0.898463, -0.43905, 0.0, 0.43905, 0.898463, 0.0, 0.0, 0.0, 1.0], "scale": 1.144, "type": "italy_rockface_small_1"}
{"ctxid": 0, "pos": [-196.744, 2249.048, 350.163], "rotationMatrix": [0.098701, -0.995117, 0.0, 0.995117, 0.098701, 0.0, 0.0, 0.0, 1.0], "scale": 1.12, "type": "italy_rockface_small_1"}
{"ctxid": 0, "pos": [-111.475, 2095.475, 229.882], "rotationMatrix": [-0.458911, 0.888482, 0.0, -0.888482, -0.458911, 0.0, 0.0, 0.0, 1.0], "scale": 1.21, "type": "italy_rockface_small_1"}
{"ctxid": 0, "pos": [-120.34, 2198.745, 229.882], "rotationMatrix": [-0.463725, -0.885979, 0.0, 0.885979, -0.463725, 0.0, 0.0, 0.0, 1.0], "scale": 0.982, "type": "italy_rockface_small_1"}
{"ctxid": 0, "pos": [5.408, 2041.195, 229.882], "rotationMatrix": [-0.867731, -0.497034, 0.0, 0.497034, -0.867731, 0.0, 0.0, 0.0, 1.0], "scale": 1.243, "type": "italy_rockface_small_1"}
{"ctxid": 0, "pos": [-2089.667, 1936.331, 423.117], "rotationMatrix": [0.12872, 0.991681, 0.0, -0.991681, 0.12872, 0.0, 0.0, 0.0, 1.0], "scale": 0.819, "type": "italy_rockface_small_1"}
{"ctxid": 0, "pos": [-2038.563, 1927.23, 423.117], "rotationMatrix": [0.877262, -0.480012, 0.0, 0.480012, 0.877262, 0.0, 0.0, 0.0, 1.0], "scale": 0.857, "type": "italy_rockface_small_1"}
{"ctxid": 0, "pos": [-1967.963, 1695.423, 419.135], "rotationMatrix": [0.284041, 0.958812, 0.0, -0.958812, 0.284041, 0.0, 0.0, 0.0, 1.0],