{"ctxid": 0, "pos": [2209.268, 368.953, 71.303], "rotationMatrix": [0.947091, -0.320966, 0.0, 0.320966, 0.947091, 0.0, 0.0, 0.0, 1.0], "scale": 1.0, "type": "shed_d"}
{"ctxid": 0, "pos": [-3234.781, 752.975, 319.36], "rotationMatrix": [0.202392, -0.979305, 0.0, 0.979305, 0.202392, 0.0, 0.0, 0.0, 1.0], "scale": 1.0, "type": "shed_d"}
{"ctxid": 0, "pos": [-3199.429, 756.302, 319.36], "rotationMatrix": [-0.719336, -0.694662, 0.0, 0.694662, -0.719336, 0.0, 0.0, 0.0, 1.0], "scale": 1.0, "type": "shed_d"}
{"ctxid": 0, "pos": [-3216.419, 761.871, 319.36], "rotationMatrix": [-0.122724, -0.992441, 0.0, 0.992441, -0.122724, 0.0, 0.0, 0.0, 1.0], "scale": 1.0, "type": "shed_d"}
{"ctxid": 0, "pos": [-3219.901, 761.802, 319.36], "rotationMatrix": [-0.120508, -0.992712, 0.0, 0.992712, -0.120508, 0.0, 0.0, 0.0, 1.0], "scale": 1.0, "type": "shed_d"}
{"ctxid": 0, "pos": [-3264.786, 802.693, 366.915], "rotationMatrix": [-0.999976, -0.006886, 0.0, 0.006886, -0.999976, 0.0, 0.0, 0.0, 1.0], "scale": 1.0, "type": "shed_d"}
{"ctxid": 0, "pos": [-3408.766, 782.079, 366.915], "rotationMatrix": [-0.957625, -0.288019, 0.0, 0.288019, -0.957625, 0.0, 0.0, 0.0, 1.0], "scale": 1.0, "type": "shed_d"}
{"ctxid": 0, "pos": [-3520.946, 1781.014, 432.309], "rotationMatrix": [-0.962037, -0.27292, 0.0, 0.27292, -0.962037, 0.0, 0.0, 0.0, 1.0], "scale": 1.0, "type": "shed_d"}
{"ctxid": 0, "pos": [-3543.813, 1186.695, 368.478], "rotationMatrix": [-0.441677, -0.897174, 0.0, 0.897174, -0.441677, 0.0, 0.0, 0.0, 1.0], "scale": 1.0, "type": "shed_d"}
{"ctxid": 0, "pos": [-3325.821, 791.915, 366.915], "rotationMatrix": [0.978618, -0.205686, 0.0, 0.205686, 0.978618, 0.0, 0.0, 0.0, 1.0], "scale": 1.0, "type": "shed_d"}
{"ctxid": 0, "pos": [-3317.294, 747.102, 366.915], "rotationMatrix": [0.285314, -0.958434, 0.0, 0.958434, 0.285314, 0.0, 0.0, 0.0, 1.0], "scale": 1.0, "type": "shed_d"}
{"ctxid": 0, "pos": [-3001.454, 465.08, 314.62], "rotationMatrix": [0.531666, -0.846954, 0.0, 0.846954, 0.531666, 0.0, 0.0, 0.0, 1.0], "scale": 1.0, "type": "shed_d"}
{"ctxid": 0, "pos": [-3011.824, 699.11, 316.872], "rotationMatrix": [-0.194019, -0.980998, 0.0, 0.980998, -0.194019, 0.0, 0.0, 0.0, 1.0], "scale": 1.0, "type": "shed_d"}
{"ctxid": 0, "pos": [-3013.699, 451.146, 314.62], "rotationMatrix": [-0.727107, -0.686524, 0.0, 0.686524, -0.727107, 0.0, 0.0, 0.0, 1.0], "scale": 1.0, "type": "shed_d"}
{"ctxid": 0, "pos": [-3401.758, 749.632, 366.915], "rotationMatrix": [0.892481, -0.451086, 0.0, 0.451086, 0.892481, 0.0, 0.0, 0.0, 1.0], "scale": 1.0, "type": "shed_d"}
{"ctxid": 0, "pos": [-3082.458, 790.692, 316.872], "rotationMatrix": [0.549561, -0.835454, 0.0, 0.835454, 0.549561, 0.0, 0.0, 0.0, 1.0], "scale": 1.0, "type": "shed_d"}
{"ctxid": 0, "pos": [-3411.79, 501.917, 316.872], "rotationMatrix": [0.788744, -0.614722, 0.0, 0.614722, 0.788744, 0.0, 0.0, 0.0, 1.0], "scale": 1.0, "type": "shed_d"}
{"ctxid": 0, "pos": [-3314.126, 495.175, 316.872], "rotationMatrix": [-0.993187, -0.11653, 0.0, 0.11653, -0.993187, 0.0, 0.0, 0.0, 1.0], "scale": 1.0, "type": "shed_d"}
{"ctxid": 0, "pos": [-3583.396, 157.359, 314.62], "rotationMatrix": [0.311461, -0.950259, 0.0, 0.950259, 0.311461, 0.0, 0.0, 0.0, 1.0], "scale": 1.0, "type": "shed_d"}
{"ctxid": 0, "pos": [-2933.259, 592.22, 316.872], "rotationMatrix": [-0.696403, -0.717651, 0.0, 0.717651, -0.696403, 0.0, 0.0, 0.0, 1.0], "scale": 1.0, "type": "shed_d"}
{"ctxid": 0, "pos": [-3307.243, 717.693, 319.36], "rotationMatrix": [0.740193, -0.672394, 0.0, 0.672394, 0.740193, 0.0, 0.0, 0.0, 1.0], "scale": 1.0, "type": "shed_d"}
{"ctxid": 0, "pos": [-3247.354, 745.258, 319.36], "rotationMatrix": [-0.82537, -0.564592, 0.0, 0.564592, -0.82537, 0.0, 0.0, 0.0, 1.0], "scale": 1.0, "type": "shed_d"}
{"ctxid": 0, "pos": [-3208.561, 2044.888, 431.082], "rotationMatrix": [-0.696683, -0.717379, 0.0, 0.717379, -0.696683, 0.0, 0.0, 0.0, 1.0], "scale": 1.0, "type": "shed_d"}
{"ctxid": 0, "pos": [-3174.231, 1487.967, 368.478], "rotationMatrix": [-0.756023, -0.654545, 0.0, 0.654545, -0.756023, 0.0, 0.0, 0.0, 1.0], "scale": 1.0, "type": "shed_d"}
{"ctxid": 0, "pos": [1165.272, -2044.679, 207.853], "rotationMatrix": [0.764827, -0.644236, 0.0, 0.644236, 0.764827, 0.0, 0.0, 0.0, 1.0], "scale": 1.0, "type": "shed_d"}
{"ctxid": 0, "pos": [1426.204, -855.302, 123.63], "rotationMatrix": [-0.837691, -0.546145, 0.0, 0.546145, -0.837691, 0.0, 0.0, 0.0, 1.0], "scale": 1.0, "type": "shed_d"}
{"ctxid": 0, "pos": [438.383, -273.832, 31.045], "rotationMatrix": [-0.972861, -0.231389, 0.0, 0.231389, -0.972861, 0.0, 0.0, 0.0, 1.0], "scale": 1.0, "type": "shed_d"}
{"ctxid": 0, "pos": [-1521.034, -2033.125, -1.074], "rotationMatrix": [-0.400574, -0.916264, 0.0, 0.916264, -0.400574, 0.0, 0.0, 0.0, 1.0], "scale": 1.0, "type": "shed_d"}
{"ctxid": 0, "pos": [-1526.949, -2645.663, 57.157], "rotationMatrix": [-0.983307, -0.181952, 0.0, 0.181952, -0.983307, 0.0, 0.0, 0.0, 1.0], "scale": 1.0, "type": "shed_d"}
{"ctxid": 0, "pos": [3819.308, -4452.116, 81.684], "rotationMatrix": [0.730605, -0.682801, 0.0, 0.682801, 0.730605, 0.0, 0.0, 0.0, 1.0], "scale": 1.0, "type": "shed_d"}
{"ctxid": 0, "pos": [3343.868, -1900.148, 263.093], "rotationMatrix": [-0.766144, -0.642668, 0.0, 0.642668, -0.766144, 0.0, 0.0, 0.0, 1.0], "scale": 1.0, "type": "shed_d"}
{"ctxid": 0, "pos": [3289.869, -1970.376, 263.093], "rotationMatrix": [0.487938, -0.872878, 0.0, 0.872878, 0.487938, 0.0, 0.0, 0.0, 1.0], "scale": 1.0, "type": "shed_d"}
{"ctxid": 0, "pos": [-820.275, 3322.429, 364.604], "rotationMatrix": [-0.459519, -0.888168, 0.0, 0.888168, -0.459519, 0.0, 0.0, 0.0, 1.0], "scale": 1.0, "type": "shed_d"}
{"ctxid": 0, "pos": [-819.542, 3329.175, 364.954], "rotationMatrix": [-0.705394, -0.708816, 0.0, 0.708816, -0.705394, 0.0, 0.0, 0.0, 1.0], "scale": 1.0, "type": "shed_d"}
{"ctxid": 0, "pos": [-632.37, 3306.526, 363.99], "rotationMatrix": [0.998931, -0.046217, 0.0, 0.046217, 0.998931, 0.0, 0.0, 0.0, 1.0], "scale": 1.0, "type": "shed_d"}
{"ctxid": 0, "pos": [-638.562, 3329.369, 363.99], "rotationMatrix": [0.86476, -0.502185, 0.0, 0.502185, 0.86476, 0.0, 0.0, 0.0, 1.0], "scale": 1.0, "type": "shed_d"}
{"ctxid": 0, "pos": [-634.046, 3335.97, 363.99], "rotationMatrix": [0.299256, -0.954173, 0.0, 0.954173, 0.299256, 0.0, 0.0, 0.0, 1.0], "scale": 1.0, "type": "shed_d"}
{"ctxid": 0, "pos": [-605.768, 3388.036, 363.99], "rotationMatrix": [0.141915, -0.989879, 0.0, 0.989879, 0.141915, 0.0, 0.0, 0.0, 1.0], "scale": 1.0, "type": "shed_d"}
{"ctxid": 0, "pos": [-756.021, 3450.003, 364.954], "rotationMatrix": [-0.540426, -0.841392, 0.0, 0.841392, -0.540426, 0.0, 0.0, 0.0, 1.0], "scale": 1.0, "type": "shed_d"}
{"ctxid": 0, "pos": [-630.918, 3174.079, 363.975], "rotationMatrix": [-0.953917, -0.300069, 0.0, 0.300069, -0.953917, 0.0, 0.0, 0.0, 1.0], "scale": 1.0, "type": "shed_d"}
{"ctxid": 0, "pos": [-544.308, 2680.796, 364.89], "rotationMatrix": [-0.633718, -0.773564, 0.0, 0.773564, -0.633718, 0.0, 0.0, 0.0, 1.0], "scale": 1.0, "type": "shed_d"}
{"ctxid": 0, "pos": [-496.599, 2716.338, 364.89], "rotationMatrix": [-0.936878, -0.349656, 0.0, 0.349656, -0.936878, 0.0, 0.0, 0.0, 1.0], "scale": 1.0, "type": "shed_d"}
{"ctxid": 0, "pos": [-633.821, 3224.917, 363.975], "rotationMatrix": [0.666236, -0.745741, 0.0, 0.745741, 0.666236, 0.0, 0.0, 0.0, 1.0], "scale": 1.0, "type": "shed_d"}
{"ctxid": 0, "pos": [-552.934, 3403.351, 363.99], "rotationMatrix": [0.340117, -0.940383, 0.0, 0.940383, 0.340117, 0.0, 0.0, 0.0, 1.0], "scale": 1.0, "type": "shed_d"}
{"ctxid": 0, "pos": [-92.239, 3804.467, 363.99], "rotationMatrix": [-0.208801, -0.977958, 0.0, 0.977958, -0.208801, 0.0, 0.0, 0.0, 1.0], "scale": 1.0, "type": "shed_d"}
{"ctxid": 0, "pos": [510.9, 3469.091, 364.796], "rotationMatrix": [-0.154604, -0.987977, 0.0, 0.987977, -0.154604, 0.0, 0.0, 0.0, 1.0], "scale": 1.0, "type": "shed_d"}
{"ctxid": 0, "pos": [540.305, 3467.052, 364.796], "rotationMatrix": [-0.998077, -0.061981, 0.0, 0.061981, -0.998077, 0.0, 0.0, 0.0, 1.0], "scale": 1.0, "type": "shed_d"}
{"ctxid": 0,