{"ctxid": 0, "pos": [-3212.855, 755.747, 319.36], "rotationMatrix": [-0.249145, -0.968466, 0.0, 0.968466, -0.249145, 0.0, 0.0, 0.0, 1.0], "scale": 1.0, "type": "shed_e"}
{"ctxid": 0, "pos": [-3393.251, 827.653, 366.915], "rotationMatrix": [-0.681644, -0.731684, 0.0, 0.731684, -0.681644, 0.0, 0.0, 0.0, 1.0], "scale": 1.0, "type": "shed_e"}
{"ctxid": 0, "pos": [-3401.065, 820.991, 366.915], "rotationMatrix": [-0.721596, -0.692315, 0.0, 0.692315, -0.721596, 0.0, 0.0, 0.0, 1.0], "scale": 1.0, "type": "shed_e"}
{"ctxid": 0, "pos": [-3299.574, 799.08, 366.915], "rotationMatrix": [-0.98913, -0.147045, 0.0, 0.147045, -0.98913, 0.0, 0.0, 0.0, 1.0], "scale": 1.0, "type": "shed_e"}
{"ctxid": 0, "pos": [-3307.592, 796.89, 366.915], "rotationMatrix": [-0.998024, -0.062837, 0.0, 0.062837, -0.998024, 0.0, 0.0, 0.0, 1.0], "scale": 1.0, "type": "shed_e"}
{"ctxid": 0, "pos": [-3124.091, 705.228, 316.872], "rotationMatrix": [0.662305, -0.749234, 0.0, 0.749234, 0.662305, 0.0, 0.0, 0.0, 1.0], "scale": 1.0, "type": "shed_e"}
{"ctxid": 0, "pos": [-3163.617, 829.792, 366.915], "rotationMatrix": [-0.380334, -0.924849, 0.0, 0.924849, -0.380334, 0.0, 0.0, 0.0, 1.0], "scale": 1.0, "type": "shed_e"}
{"ctxid": 0, "pos": [-3060.79, 738.96, 316.872], "rotationMatrix": [0.998398, -0.056585, 0.0, 0.056585, 0.998398, 0.0, 0.0, 0.0, 1.0], "scale": 1.0, "type": "shed_e"}
{"ctxid": 0, "pos": [-3004.171, 468.335, 314.62], "rotationMatrix": [0.711804, -0.702378, 0.0, 0.702378, 0.711804, 0.0, 0.0, 0.0, 1.0], "scale": 1.0, "type": "shed_e"}
{"ctxid": 0, "pos": [-3074.907, 775.243, 316.872], "rotationMatrix": [0.231235, -0.972898, 0.0, 0.972898, 0.231235, 0.0, 0.0, 0.0, 1.0], "scale": 1.0, "type": "shed_e"}
{"ctxid": 0, "pos": [-3104.317, 776.121, 316.872], "rotationMatrix": [0.962904, -0.269844, 0.0, 0.269844, 0.962904, 0.0, 0.0, 0.0, 1.0], "scale": 1.0, "type": "shed_e"}
{"ctxid": 0, "pos": [-3095.179, 1015.925, 366.915], "rotationMatrix": [-0.162086, -0.986777, 0.0, 0.986777, -0.162086, 0.0, 0.0, 0.0, 1.0], "scale": 1.0, "type": "shed_e"}
{"ctxid": 0, "pos": [-3671.047, 347.53, 316.872], "rotationMatrix": [0.861562, -0.507653, 0.0, 0.507653, 0.861562, 0.0, 0.0, 0.0, 1.0], "scale": 1.0, "type": "shed_e"}
{"ctxid": 0, "pos": [-2836.801, 1153.564, 366.915], "rotationMatrix": [-0.868965, -0.494874, 0.0, 0.494874, -0.868965, 0.0, 0.0, 0.0, 1.0], "scale": 1.0, "type": "shed_e"}
{"ctxid": 0, "pos": [-3302.312, 702.779, 316.872], "rotationMatrix": [-0.9665, -0.256668, 0.0, 0.256668, -0.9665, 0.0, 0.0, 0.0, 1.0], "scale": 1.0, "type": "shed_e"}
{"ctxid": 0, "pos": [-3316.142, 2042.614, 431.082], "rotationMatrix": [-0.996055, -0.088738, 0.0, 0.088738, -0.996055, 0.0, 0.0, 0.0, 1.0], "scale": 1.0, "type": "shed_e"}
{"ctxid": 0, "pos": [-3975.357, 1639.294, 432.309], "rotationMatrix": [-0.992742, -0.120266, 0.0, 0.120266, -0.992742, 0.0, 0.0, 0.0, 1.0], "scale": 1.0, "type": "shed_e"}
{"ctxid": 0, "pos": [710.773, -158.033, 34.503], "rotationMatrix": [0.313351, -0.949637, 0.0, 0.949637, 0.313351, 0.0, 0.0, 0.0, 1.0], "scale": 1.0, "type": "shed_e"}
{"ctxid": 0, "pos": [3261.801, -4112.274, 81.847], "rotationMatrix": [-0.634455, -0.77296, 0.0, 0.77296, -0.634455, 0.0, 0.0, 0.0, 1.0], "scale": 1.0, "type": "shed_e"}
{"ctxid": 0, "pos": [3176.335, -1571.01, 261.162], "rotationMatrix": [0.579503, -0.81497, 0.0, 0.81497, 0.579503, 0.0, 0.0, 0.0, 1.0], "scale": 1.0, "type": "shed_e"}
{"ctxid": 0, "pos": [3088.426, -3132.433, 137.682], "rotationMatrix": [-0.990572, -0.136992, 0.0, 0.136992, -0.990572, 0.0, 0.0, 0.0, 1.0], "scale": 1.0, "type": "shed_e"}
{"ctxid": 0, "pos": [3091.25, -3136.607, 137.682], "rotationMatrix": [-0.97981, -0.199931, 0.0, 0.199931, -0.97981, 0.0, 0.0, 0.0, 1.0], "scale": 1.0, "type": "shed_e"}
{"ctxid": 0, "pos": [3325.286, -1641.82, 262.275], "rotationMatrix": [0.785358, -0.619042, 0.0, 0.619042, 0.785358, 0.0, 0.0, 0.0, 1.0], "scale": 1.0, "type": "shed_e"}
{"ctxid": 0, "pos": [-652.784, 3346.82, 363.99], "rotationMatrix": [0.334481, -0.942402, 0.0, 0.942402, 0.334481, 0.0, 0.0, 0.0, 1.0], "scale": 1.0, "type": "shed_e"}
{"ctxid": 0, "pos": [-654.481, 3415.029, 364.604], "rotationMatrix": [-0.920303, -0.391207, 0.0, 0.391207, -0.920303, 0.0, 0.0, 0.0, 1.0], "scale": 1.0, "type": "shed_e"}
{"ctxid": 0, "pos": [-616.847, 3381.85, 363.99], "rotationMatrix": [0.634355, -0.773042, 0.0, 0.773042, 0.634355, 0.0, 0.0, 0.0, 1.0], "scale": 1.0, "type": "shed_e"}
{"ctxid": 0, "pos": [-636.837, 3390.381, 364.604], "rotationMatrix": [-0.075831, -0.997121, 0.0, 0.997121, -0.075831, 0.0, 0.0, 0.0, 1.0], "scale": 1.0, "type": "shed_e"}
{"ctxid": 0, "pos": [-871.108, 3207.949, 364.604], "rotationMatrix": [-0.397076, -0.917786, 0.0, 0.917786, -0.397076, 0.0, 0.0, 0.0, 1.0], "scale": 1.0, "type": "shed_e"}
{"ctxid": 0, "pos": [-1482.13, 3535.019, 384.277], "rotationMatrix": [0.202598, -0.979262, 0.0, 0.979262, 0.202598, 0.0, 0.0, 0.0, 1.0], "scale": 1.0, "type": "shed_e"}
{"ctxid": 0, "pos": [-723.522, 3108.723, 363.975], "rotationMatrix": [-0.168989, -0.985618, 0.0, 0.985618, -0.168989, 0.0, 0.0, 0.0, 1.0], "scale": 1.0, "type": "shed_e"}
{"ctxid": 0, "pos": [-610.18, 3225.859, 363.975], "rotationMatrix": [0.39332, -0.919401, 0.0, 0.919401, 0.39332, 0.0, 0.0, 0.0, 1.0], "scale": 1.0, "type": "shed_e"}
{"ctxid": 0, "pos": [-397.24, 3436.035, 363.99], "rotationMatrix": [0.046168, -0.998934, 0.0, 0.998934, 0.046168, 0.0, 0.0, 0.0, 1.0], "scale": 1.0, "type": "shed_e"}
{"ctxid": 0, "pos": [517.058, 3470.659, 364.796], "rotationMatrix": [-0.180094, -0.983649, 0.0, 0.983649, -0.180094, 0.0, 0.0, 0.0, 1.0], "scale": 1.0, "type": "shed_e"}
{"ctxid": 0, "pos": [507.661, 3469.759, 364.425], "rotationMatrix": [0.33902, -0.940779, 0.0, 0.940779, 0.33902, 0.0, 0.0, 0.0, 1.0], "scale": 1.0, "type": "shed_e"}
{"ctxid": 0, "pos": [542.871, -318.981, 23.039], "rotationMatrix": [0.988993, -0.147962, 0.0, 0.147962, 0.988993, 0.0, 0.0, 0.0, 1.0], "scale": 1.0, "type": "shed_e"}
{"ctxid": 0, "pos": [882.769, 132.301, 34.281], "rotationMatrix": [-0.737362, -0.675498, 0.0, 0.675498, -0.737362, 0.0, 0.0, 0.0, 1.0], "scale": 1.0, "type": "shed_e"}
{"ctxid": 0, "pos": [951.72, 280.183, 73.328], "rotationMatrix": [0.9972, -0.074786, 0.0, 0.074786, 0.9972, 0.0, 0.0, 0.0, 1.0], "scale": 1.0, "type": "shed_e"}
{"ctxid": 0, "pos": [917.509, 249.574, 73.328], "rotationMatrix": [0.37672, -0.926327, 0.0, 0.926327, 0.37672, 0.0, 0.0, 0.0, 1.0], "scale": 1.0, "type": "shed_e"}
{"ctxid": 0, "pos": [-1042.217, 346.082, 210.65], "rotationMatrix": [-0.651589, -0.758573, 0.0, 0.758573, -0.651589, 0.0, 0.0, 0.0, 1.0], "scale": 1.0, "type": "shed_e"}
{"ctxid": 0, "pos": [-1040.467, 341.862, 210.65], "rotationMatrix": [-0.999037, -0.043881, 0.0, 0.043881, -0.999037, 0.0, 0.0, 0.0, 1.0], "scale": 1.0, "type": "shed_e"}
{"ctxid": 0, "pos": [-496.485, 804.711, 201.607], "rotationMatrix": [0.132492, -0.991184, 0.0, 0.991184, 0.132492, 0.0, 0.0, 0.0, 1.0], "scale": 1.0, "type": "shed_e"}
{"ctxid": 0, "pos": [-185.278, 1465.139, 193.973], "rotationMatrix": [-0.157798, -0.987471, 0.0, 0.987471, -0.157798, 0.0, 0.0, 0.0, 1.0], "scale": 1.0, "type": "shed_e"}
{"ctxid": 0, "pos": [-654.143, 3261.375, 363.99], "rotationMatrix": [0.039768, -0.999209, 0.0, 0.999209, 0.039768, 0.0, 0.0, 0.0, 1.0], "scale": 1.0, "type": "shed_e"}
{"ctxid": 0, "pos": [-854.06, 3428.731, 365.289], "rotationMatrix": [0.964327, -0.264713, 0.0, 0.264713, 0.964327, 0.0, 0.0, 0.0, 1.0], "scale": 1.0, "type": "shed_e"}
{"ctxid": 0, "pos": [-857.55, 3414.536, 365.289], "rotationMatrix": [-0.030875, -0.999523, 0.0, 0.999523, -0.030875, 0.0, 0.0, 0.0, 1.0], "scale": 1.0, "type": "shed_e"}
{"ctxid": 0, "pos": [-790.421, 3172.525, 363.99], "rotationMatrix": [-0.994999, -0.099884, 0.0, 0.099884, -0.994999, 0.0, 0.0, 0.0, 1.0], "scale": 1.0, "type": "shed_e"}
{"ctxid": 0, "pos": [-737.153, 3233.42, 363.99], "rotationMatrix": [0.595205, -0.803574, 0.0, 0.803574, 0.595205, 0.0, 0.0, 0.0, 1.0], "scale": 1.0, "type": "shed_e"}
{"ctxid": 0, "pos": [707.086, 3696.184, 364.425],