{"ctxid": 0, "pos": [2342.781, -3236.677, 203.539], "rotationMatrix": [0.230183, -0.973147, 0.0, 0.973147, 0.230183, 0.0, 0.0, 0.0, 1.0], "scale": 1.749, "type": "shed_a"}
{"ctxid": 0, "pos": [272.995, -800.868, 5.167], "rotationMatrix": [-0.463347, 0.886177, 0.0, -0.886177, -0.463347, 0.0, 0.0, 0.0, 1.0], "scale": 1.8, "type": "shed_a"}
{"ctxid": 0, "pos": [-204.678, 550.908, 148.82], "rotationMatrix": [-0.766837, 0.641842, 0.0, -0.641842, -0.766837, 0.0, 0.0, 0.0, 1.0], "scale": 1.635, "type": "shed_a"}
{"ctxid": 0, "pos": [-3029.002, 3900.218, 524.389], "rotationMatrix": [0.964095, 0.265558, 0.0, -0.265558, 0.964095, 0.0, 0.0, 0.0, 1.0], "scale": 1.8, "type": "shed_a"}
{"ctxid": 0, "pos": [-3366.486, 820.55, 366.915], "rotationMatrix": [-0.143373, -0.989669, 0.0, 0.989669, -0.143373, 0.0, 0.0, 0.0, 1.0], "scale": 1.0, "type": "shed_a"}
{"ctxid": 0, "pos": [-3370.233, 820.591, 366.915], "rotationMatrix": [-0.122518, -0.992466, 0.0, 0.992466, -0.122518, 0.0, 0.0, 0.0, 1.0], "scale": 1.0, "type": "shed_a"}
{"ctxid": 0, "pos": [-3357.476, 783.623, 366.915], "rotationMatrix": [-0.42442, -0.905466, 0.0, 0.905466, -0.42442, 0.0, 0.0, 0.0, 1.0], "scale": 1.0, "type": "shed_a"}
{"ctxid": 0, "pos": [-3548.549, 1189.466, 368.478], "rotationMatrix": [0.945493, -0.325642, 0.0, 0.325642, 0.945493, 0.0, 0.0, 0.0, 1.0], "scale": 1.0, "type": "shed_a"}
{"ctxid": 0, "pos": [-3404.078, 1096.553, 366.915], "rotationMatrix": [-0.633029, -0.774128, 0.0, 0.774128, -0.633029, 0.0, 0.0, 0.0, 1.0], "scale": 1.0, "type": "shed_a"}
{"ctxid": 0, "pos": [-3186.145, 765.616, 319.36], "rotationMatrix": [0.811238, -0.584716, 0.0, 0.584716, 0.811238, 0.0, 0.0, 0.0, 1.0], "scale": 1.0, "type": "shed_a"}
{"ctxid": 0, "pos": [-3357.365, 765.953, 366.915], "rotationMatrix": [-0.853932, -0.520384, 0.0, 0.520384, -0.853932, 0.0, 0.0, 0.0, 1.0], "scale": 1.0, "type": "shed_a"}
{"ctxid": 0, "pos": [-3392.689, 756.993, 366.915], "rotationMatrix": [-0.18626, -0.982501, 0.0, 0.982501, -0.18626, 0.0, 0.0, 0.0, 1.0], "scale": 1.0, "type": "shed_a"}
{"ctxid": 0, "pos": [-3384.553, 745.793, 366.915], "rotationMatrix": [-0.007085, -0.999975, 0.0, 0.999975, -0.007085, 0.0, 0.0, 0.0, 1.0], "scale": 1.0, "type": "shed_a"}
{"ctxid": 0, "pos": [-3311.599, 1195.2, 366.915], "rotationMatrix": [0.80696, -0.590606, 0.0, 0.590606, 0.80696, 0.0, 0.0, 0.0, 1.0], "scale": 1.0, "type": "shed_a"}
{"ctxid": 0, "pos": [3578.512, 3610.759, 76.729], "rotationMatrix": [-0.215191, -0.976572, 0.0, 0.976572, -0.215191, 0.0, 0.0, 0.0, 1.0], "scale": 1.0, "type": "shed_a"}
{"ctxid": 0, "pos": [2365.404, -3512.591, 189.281], "rotationMatrix": [-0.504474, -0.863427, 0.0, 0.863427, -0.504474, 0.0, 0.0, 0.0, 1.0], "scale": 1.0, "type": "shed_a"}
{"ctxid": 0, "pos": [1311.079, -2955.993, 245.359], "rotationMatrix": [0.996587, -0.082545, 0.0, 0.082545, 0.996587, 0.0, 0.0, 0.0, 1.0], "scale": 1.0, "type": "shed_a"}
{"ctxid": 0, "pos": [-1526.801, -2642.538, 57.157], "rotationMatrix": [-0.98963, -0.143643, 0.0, 0.143643, -0.98963, 0.0, 0.0, 0.0, 1.0], "scale": 1.0, "type": "shed_a"}
{"ctxid": 0, "pos": [3279.944, -4106.634, 81.887], "rotationMatrix": [0.711893, -0.702288, 0.0, 0.702288, 0.711893, 0.0, 0.0, 0.0, 1.0], "scale": 1.0, "type": "shed_a"}
{"ctxid": 0, "pos": [3189.849, -3955.435, 88.489], "rotationMatrix": [0.869374, -0.494154, 0.0, 0.494154, 0.869374, 0.0, 0.0, 0.0, 1.0], "scale": 1.0, "type": "shed_a"}
{"ctxid": 0, "pos": [3167.167, -1572.021, 261.162], "rotationMatrix": [0.285508, -0.958376, 0.0, 0.958376, 0.285508, 0.0, 0.0, 0.0, 1.0], "scale": 1.0, "type": "shed_a"}
{"ctxid": 0, "pos": [-732.257, 3343.942, 364.604], "rotationMatrix": [-0.518204, -0.855257, 0.0, 0.855257, -0.518204, 0.0, 0.0, 0.0, 1.0], "scale": 1.0, "type": "shed_a"}
{"ctxid": 0, "pos": [-644.349, 3329.573, 363.99], "rotationMatrix": [0.972074, -0.234675, 0.0, 0.234675, 0.972074, 0.0, 0.0, 0.0, 1.0], "scale": 1.0, "type": "shed_a"}
{"ctxid": 0, "pos": [-415.845, 3428.038, 363.99], "rotationMatrix": [-0.169155, -0.985589, 0.0, 0.985589, -0.169155, 0.0, 0.0, 0.0, 1.0], "scale": 1.0, "type": "shed_a"}
{"ctxid": 0, "pos": [-727.785, 3106.157, 363.975], "rotationMatrix": [-0.976169, -0.217011, 0.0, 0.217011, -0.976169, 0.0, 0.0, 0.0, 1.0], "scale": 1.0, "type": "shed_a"}
{"ctxid": 0, "pos": [-541.499, 2683.704, 364.89], "rotationMatrix": [0.976193, -0.216905, 0.0, 0.216905, 0.976193, 0.0, 0.0, 0.0, 1.0], "scale": 1.0, "type": "shed_a"}
{"ctxid": 0, "pos": [-858.809, 2977.115, 363.975], "rotationMatrix": [0.270807, -0.962634, 0.0, 0.962634, 0.270807, 0.0, 0.0, 0.0, 1.0], "scale": 1.0, "type": "shed_a"}
{"ctxid": 0, "pos": [-1011.833, 2970.116, 363.99], "rotationMatrix": [-0.81838, -0.574678, 0.0, 0.574678, -0.81838, 0.0, 0.0, 0.0, 1.0], "scale": 1.0, "type": "shed_a"}
{"ctxid": 0, "pos": [-730.239, 3298.285, 364.604], "rotationMatrix": [0.708803, -0.705406, 0.0, 0.705406, 0.708803, 0.0, 0.0, 0.0, 1.0], "scale": 1.0, "type": "shed_a"}
{"ctxid": 0, "pos": [-556.721, 3404.52, 363.99], "rotationMatrix": [-0.477205, -0.878792, 0.0, 0.878792, -0.477205, 0.0, 0.0, 0.0, 1.0], "scale": 1.0, "type": "shed_a"}
{"ctxid": 0, "pos": [-410.995, 3425.793, 363.99], "rotationMatrix": [0.410131, -0.912027, 0.0, 0.912027, 0.410131, 0.0, 0.0, 0.0, 1.0], "scale": 1.0, "type": "shed_a"}
{"ctxid": 0, "pos": [-238.198, 3718.013, 364.604], "rotationMatrix": [-0.396185, -0.918171, 0.0, 0.918171, -0.396185, 0.0, 0.0, 0.0, 1.0], "scale": 1.0, "type": "shed_a"}
{"ctxid": 0, "pos": [-250.098, 2619.256, 351.543], "rotationMatrix": [-0.535936, -0.844258, 0.0, 0.844258, -0.535936, 0.0, 0.0, 0.0, 1.0], "scale": 1.0, "type": "shed_a"}
{"ctxid": 0, "pos": [975.966, 259.622, 73.328], "rotationMatrix": [0.988999, -0.147924, 0.0, 0.147924, 0.988999, 0.0, 0.0, 0.0, 1.0], "scale": 1.0, "type": "shed_a"}
{"ctxid": 0, "pos": [863.947, 465.455, 32.175], "rotationMatrix": [0.901314, -0.433166, 0.0, 0.433166, 0.901314, 0.0, 0.0, 0.0, 1.0], "scale": 1.0, "type": "shed_a"}
{"ctxid": 0, "pos": [1052.025, 3947.247, 364.425], "rotationMatrix": [0.951849, -0.306566, 0.0, 0.306566, 0.951849, 0.0, 0.0, 0.0, 1.0], "scale": 1.0, "type": "shed_a"}
{"ctxid": 0, "pos": [-81.547, 888.748, 172.279], "rotationMatrix": [0.924136, -0.382063, 0.0, 0.382063, 0.924136, 0.0, 0.0, 0.0, 1.0], "scale": 1.0, "type": "shed_a"}
{"ctxid": 0, "pos": [-285.227, 910.857, 184.377], "rotationMatrix": [-0.124745, -0.992189, 0.0, 0.992189, -0.124745, 0.0, 0.0, 0.0, 1.0], "scale": 1.0, "type": "shed_a"}
{"ctxid": 0, "pos": [-1201.021, 2846.829, 363.99], "rotationMatrix": [-0.594649, -0.803985, 0.0, 0.803985, -0.594649, 0.0, 0.0, 0.0, 1.0], "scale": 1.0, "type": "shed_a"}
{"ctxid": 0, "pos": [-1210.957, 2840.372, 363.99], "rotationMatrix": [-0.775819, -0.630956, 0.0, 0.630956, -0.775819, 0.0, 0.0, 0.0, 1.0], "scale": 1.0, "type": "shed_a"}
{"ctxid": 0, "pos": [-638.534, 3235.112, 363.99], "rotationMatrix": [0.224155, -0.974554, 0.0, 0.974554, 0.224155, 0.0, 0.0, 0.0, 1.0], "scale": 1.0, "type": "shed_a"}
{"ctxid": 0, "pos": [-486.558, 3301.984, 363.975], "rotationMatrix": [-0.806615, -0.591077, 0.0, 0.591077, -0.806615, 0.0, 0.0, 0.0, 1.0], "scale": 1.0, "type": "shed_a"}
{"ctxid": 0, "pos": [-635.555, 3233.843, 363.99], "rotationMatrix": [0.527569, -0.849512, 0.0, 0.849512, 0.527569, 0.0, 0.0, 0.0, 1.0], "scale": 1.0, "type": "shed_a"}
{"ctxid": 0, "pos": [-857.664, 3403.236, 365.289], "rotationMatrix": [-0.240881, -0.970555, 0.0, 0.970555, -0.240881, 0.0, 0.0, 0.0, 1.0], "scale": 1.0, "type": "shed_a"}
{"ctxid": 0, "pos": [-553.219, 3226.658, 363.975], "rotationMatrix": [0.779296, -0.626656, 0.0, 0.626656, 0.779296, 0.0, 0.0, 0.0, 1.0], "scale": 1.0, "type": "shed_a"}
{"ctxid": 0, "pos": [-794.997, 2458.16, 364.89], "rotationMatrix": [-0.967137, -0.254257, 0.0, 0.254257, -0.967137, 0.0, 0.0, 0.0, 1.0], "scale": 1.0, "type": "shed_a"}
{"ctxid": 0, "pos": [-718.563, 2577.038, 364.89], "rotationMatrix": [0.260521, -0.965468, 0.0, 0.965468, 0.260521, 0.0, 0.0, 0.0, 1.0], "scale": 1.0, "type": "shed_a"}
{"ctxid": 0,