{"ctxid": 0, "pos": [1910.386, -2003.513, 240.422], "rotationMatrix": [-0.904617, 0.426225, 0.0, -0.426225, -0.904617, 0.0, 0.0, 0.0, 1.0], "scale": 1.8, "type": "shed_c"}
{"ctxid": 0, "pos": [1616.139, -1837.225, 209.054], "rotationMatrix": [0.723308, -0.690526, 0.0, 0.690526, 0.723308, 0.0, 0.0, 0.0, 1.0], "scale": 1.8, "type": "shed_c"}
{"ctxid": 0, "pos": [1423.857, -1891.689, 198.337], "rotationMatrix": [-0.247471, -0.968895, 0.0, 0.968895, -0.247471, 0.0, 0.0, 0.0, 1.0], "scale": 1.8, "type": "shed_c"}
{"ctxid": 0, "pos": [-2961.058, 3619.606, 494.742], "rotationMatrix": [-0.631296, 0.775542, 0.0, -0.775542, -0.631296, 0.0, 0.0, 0.0, 1.0], "scale": 1.8, "type": "shed_c"}
{"ctxid": 0, "pos": [-3596.915, 4639.141, 593.228], "rotationMatrix": [-0.710214, -0.703986, 0.0, 0.703986, -0.710214, 0.0, 0.0, 0.0, 1.0], "scale": 1.8, "type": "shed_c"}
{"ctxid": 0, "pos": [-3264.505, 784.805, 366.915], "rotationMatrix": [-0.902741, -0.430184, 0.0, 0.430184, -0.902741, 0.0, 0.0, 0.0, 1.0], "scale": 1.0, "type": "shed_c"}
{"ctxid": 0, "pos": [-3340.485, 792.783, 366.915], "rotationMatrix": [-0.999606, -0.028065, 0.0, 0.028065, -0.999606, 0.0, 0.0, 0.0, 1.0], "scale": 1.0, "type": "shed_c"}
{"ctxid": 0, "pos": [-3359.29, 790.312, 366.915], "rotationMatrix": [-0.494119, -0.869394, 0.0, 0.869394, -0.494119, 0.0, 0.0, 0.0, 1.0], "scale": 1.0, "type": "shed_c"}
{"ctxid": 0, "pos": [-3545.448, 1185.674, 368.478], "rotationMatrix": [-0.574889, -0.818231, 0.0, 0.818231, -0.574889, 0.0, 0.0, 0.0, 1.0], "scale": 1.0, "type": "shed_c"}
{"ctxid": 0, "pos": [-3406.928, 1094.778, 366.915], "rotationMatrix": [-0.647008, -0.762484, 0.0, 0.762484, -0.647008, 0.0, 0.0, 0.0, 1.0], "scale": 1.0, "type": "shed_c"}
{"ctxid": 0, "pos": [-3383.109, 854.928, 366.915], "rotationMatrix": [-0.060533, -0.998166, 0.0, 0.998166, -0.060533, 0.0, 0.0, 0.0, 1.0], "scale": 1.0, "type": "shed_c"}
{"ctxid": 0, "pos": [-3358.398, 835.498, 366.915], "rotationMatrix": [0.990662, -0.136341, 0.0, 0.136341, 0.990662, 0.0, 0.0, 0.0, 1.0], "scale": 1.0, "type": "shed_c"}
{"ctxid": 0, "pos": [-3326.011, 788.021, 366.915], "rotationMatrix": [0.999998, -0.001751, 0.0, 0.001751, 0.999998, 0.0, 0.0, 0.0, 1.0], "scale": 1.0, "type": "shed_c"}
{"ctxid": 0, "pos": [-3187.836, 769.552, 319.36], "rotationMatrix": [0.992252, -0.124238, 0.0, 0.124238, 0.992252, 0.0, 0.0, 0.0, 1.0], "scale": 1.0, "type": "shed_c"}
{"ctxid": 0, "pos": [-3142.971, 816.332, 319.36], "rotationMatrix": [-0.744445, -0.667684, 0.0, 0.667684, -0.744445, 0.0, 0.0, 0.0, 1.0], "scale": 1.0, "type": "shed_c"}
{"ctxid": 0, "pos": [-3061.821, 729.314, 316.872], "rotationMatrix": [-0.999985, -0.005461, 0.0, 0.005461, -0.999985, 0.0, 0.0, 0.0, 1.0], "scale": 1.0, "type": "shed_c"}
{"ctxid": 0, "pos": [-3010.105, 453.346, 314.62], "rotationMatrix": [-0.292672, -0.956213, 0.0, 0.956213, -0.292672, 0.0, 0.0, 0.0, 1.0], "scale": 1.0, "type": "shed_c"}
{"ctxid": 0, "pos": [-3014.884, 696.731, 316.872], "rotationMatrix": [-0.556252, -0.831013, 0.0, 0.831013, -0.556252, 0.0, 0.0, 0.0, 1.0], "scale": 1.0, "type": "shed_c"}
{"ctxid": 0, "pos": [-3051.168, 686.829, 316.872], "rotationMatrix": [0.059214, -0.998245, 0.0, 0.998245, 0.059214, 0.0, 0.0, 0.0, 1.0], "scale": 1.0, "type": "shed_c"}
{"ctxid": 0, "pos": [-3373.622, 772.485, 366.915], "rotationMatrix": [0.682088, -0.73127, 0.0, 0.73127, 0.682088, 0.0, 0.0, 0.0, 1.0], "scale": 1.0, "type": "shed_c"}
{"ctxid": 0, "pos": [-3352.709, 776.037, 366.915], "rotationMatrix": [-0.479067, -0.877778, 0.0, 0.877778, -0.479067, 0.0, 0.0, 0.0, 1.0], "scale": 1.0, "type": "shed_c"}
{"ctxid": 0, "pos": [-3404.092, 752.371, 366.915], "rotationMatrix": [0.392288, -0.919842, 0.0, 0.919842, 0.392288, 0.0, 0.0, 0.0, 1.0], "scale": 1.0, "type": "shed_c"}
{"ctxid": 0, "pos": [-3063.366, 792.924, 316.872], "rotationMatrix": [-0.120279, -0.99274, 0.0, 0.99274, -0.120279, 0.0, 0.0, 0.0, 1.0], "scale": 1.0, "type": "shed_c"}
{"ctxid": 0, "pos": [-3322.041, 659.675, 316.872], "rotationMatrix": [-0.93258, -0.360965, 0.0, 0.360965, -0.93258, 0.0, 0.0, 0.0, 1.0], "scale": 1.0, "type": "shed_c"}
{"ctxid": 0, "pos": [-3207.91, 572.217, 316.872], "rotationMatrix": [-0.635816, -0.77184, 0.0, 0.77184, -0.635816, 0.0, 0.0, 0.0, 1.0], "scale": 1.0, "type": "shed_c"}
{"ctxid": 0, "pos": [-3398.894, 1561.162, 431.082], "rotationMatrix": [-0.753527, -0.657417, 0.0, 0.657417, -0.753527, 0.0, 0.0, 0.0, 1.0], "scale": 1.0, "type": "shed_c"}
{"ctxid": 0, "pos": [-3379.963, 1573.537, 431.082], "rotationMatrix": [-0.980054, -0.198731, 0.0, 0.198731, -0.980054, 0.0, 0.0, 0.0, 1.0], "scale": 1.0, "type": "shed_c"}
{"ctxid": 0, "pos": [-3438.869, 1970.494, 432.309], "rotationMatrix": [-0.701752, -0.712421, 0.0, 0.712421, -0.701752, 0.0, 0.0, 0.0, 1.0], "scale": 1.0, "type": "shed_c"}
{"ctxid": 0, "pos": [-3090.67, 599.801, 316.872], "rotationMatrix": [-0.874062, -0.485815, 0.0, 0.485815, -0.874062, 0.0, 0.0, 0.0, 1.0], "scale": 1.0, "type": "shed_c"}
{"ctxid": 0, "pos": [3561.668, 3608.118, 76.729], "rotationMatrix": [-0.250306, -0.968167, 0.0, 0.968167, -0.250306, 0.0, 0.0, 0.0, 1.0], "scale": 1.0, "type": "shed_c"}
{"ctxid": 0, "pos": [2078.699, -3525.869, 218.438], "rotationMatrix": [-0.719685, -0.694301, 0.0, 0.694301, -0.719685, 0.0, 0.0, 0.0, 1.0], "scale": 1.0, "type": "shed_c"}
{"ctxid": 0, "pos": [1299.461, -2972.394, 245.87], "rotationMatrix": [0.032574, -0.999469, 0.0, 0.999469, 0.032574, 0.0, 0.0, 0.0, 1.0], "scale": 1.0, "type": "shed_c"}
{"ctxid": 0, "pos": [-770.282, -2387.661, 83.249], "rotationMatrix": [-0.522984, -0.852342, 0.0, 0.852342, -0.522984, 0.0, 0.0, 0.0, 1.0], "scale": 1.0, "type": "shed_c"}
{"ctxid": 0, "pos": [3627.992, -1886.258, 263.093], "rotationMatrix": [-0.735946, -0.67704, 0.0, 0.67704, -0.735946, 0.0, 0.0, 0.0, 1.0], "scale": 1.0, "type": "shed_c"}
{"ctxid": 0, "pos": [-812.104, 3341.972, 364.954], "rotationMatrix": [0.229373, -0.973339, 0.0, 0.973339, 0.229373, 0.0, 0.0, 0.0, 1.0], "scale": 1.0, "type": "shed_c"}
{"ctxid": 0, "pos": [-846.479, 3337.759, 364.954], "rotationMatrix": [-0.756242, -0.654292, 0.0, 0.654292, -0.756242, 0.0, 0.0, 0.0, 1.0], "scale": 1.0, "type": "shed_c"}
{"ctxid": 0, "pos": [-718.305, 3234.346, 363.99], "rotationMatrix": [0.996989, -0.07754, 0.0, 0.07754, 0.996989, 0.0, 0.0, 0.0, 1.0], "scale": 1.0, "type": "shed_c"}
{"ctxid": 0, "pos": [-634.861, 3313.506, 363.99], "rotationMatrix": [0.982154, -0.188077, 0.0, 0.188077, 0.982154, 0.0, 0.0, 0.0, 1.0], "scale": 1.0, "type": "shed_c"}
{"ctxid": 0, "pos": [-728.69, 3346.002, 364.604], "rotationMatrix": [-0.838711, -0.544577, 0.0, 0.544577, -0.838711, 0.0, 0.0, 0.0, 1.0], "scale": 1.0, "type": "shed_c"}
{"ctxid": 0, "pos": [-746.735, 3327.71, 364.604], "rotationMatrix": [0.993242, -0.116064, 0.0, 0.116064, 0.993242, 0.0, 0.0, 0.0, 1.0], "scale": 1.0, "type": "shed_c"}
{"ctxid": 0, "pos": [-434.138, 2851.535, 364.796], "rotationMatrix": [0.604561, -0.796559, 0.0, 0.796559, 0.604561, 0.0, 0.0, 0.0, 1.0], "scale": 1.0, "type": "shed_c"}
{"ctxid": 0, "pos": [-44.022, 3342.243, 364.425], "rotationMatrix": [0.621695, -0.78326, 0.0, 0.78326, 0.621695, 0.0, 0.0, 0.0, 1.0], "scale": 1.0, "type": "shed_c"}
{"ctxid": 0, "pos": [-93.119, 3798.767, 363.99], "rotationMatrix": [0.251648, -0.967819, 0.0, 0.967819, 0.251648, 0.0, 0.0, 0.0, 1.0], "scale": 1.0, "type": "shed_c"}
{"ctxid": 0, "pos": [-788.34, 3106.062, 363.975], "rotationMatrix": [-0.869097, -0.494641, 0.0, 0.494641, -0.869097, 0.0, 0.0, 0.0, 1.0], "scale": 1.0, "type": "shed_c"}
{"ctxid": 0, "pos": [549.403, -323.297, 22.579], "rotationMatrix": [0.952861, -0.303407, 0.0, 0.303407, 0.952861, 0.0, 0.0, 0.0, 1.0], "scale": 1.0, "type": "shed_c"}
{"ctxid": 0, "pos": [465.88, 5089.638, 384.277], "rotationMatrix": [0.84128, -0.540599, 0.0, 0.540599, 0.84128, 0.0, 0.0, 0.0, 1.0], "scale": 1.0, "type": "shed_c"}
{"ctxid": 0, "pos": [-1020.755, 351.192, 210.65], "rotationMatrix": [-0.636995, -0.770868, 0.0, 0.770868, -0.636995, 0.0, 0.0, 0.0, 1.0], "scale": 1.0, "type": "shed_c"}
{"ctxid": 0,